sentence,prediction,gold,is_same
[CLS] Niterói:3 and [MASK] [MASK] are twin cities . [SEP],São Paulo,Rio de Janeiro | RJ | Rio | Rio de Janeiro | Rio de Janeiro city,False
[CLS] Madrid and [MASK] are twin cities . [SEP],Madrid,Rio de Janeiro | RJ | Rio | Rio de Janeiro | Rio de Janeiro city,False
[CLS] Petersfield:2 and [MASK] [MASK] are twin cities . [SEP],Petersfield:2,Warendorf:2 | Warendorf:2,False
[CLS] Mexico City and [MASK] [MASK] are twin cities . [SEP],Mexico City,"Santo Domingo | Santo Domingo | Santo Domingo de Guzman:3 | Santo Domingo de Guzmán | Santo Domingo , Dominican Republic",False
[CLS] Bari and [MASK] are twin cities . [SEP],Bari,Corfu:2 | Corfu:2 | Kerkira:2 | Korfu:3,False
[CLS] Grenoble and [MASK] are twin cities . [SEP],Grenoble,Corato:2 | Corato:2,False
[CLS] Gubin:3 and [MASK] [MASK] [MASK] are twin cities . [SEP],Gubin:3,Guben:2 | Guben:2 | Gubin:3 | Wilhelm - Pieck:2 - Stadt Guben:2,True
[CLS] Kettering:3 and [MASK] [MASK] [MASK] are twin cities . [SEP],Kettering:3,Kettering:3 | Kettering:3,True
[CLS] Las Palmas de Gran Canaria and [MASK] [MASK] [MASK] [MASK] [MASK] are twin cities . [SEP],Las Palmas de Gran Canaria,Jerez de la Frontera | Jerez de la Frontera | xerez:2,False
[CLS] Beirut and [MASK] [MASK] [MASK] are twin cities . [SEP],Bahrein:3,Rio de Janeiro | RJ | Rio | Rio de Janeiro | Rio de Janeiro city,False
[CLS] Eisenberg:2 and [MASK] [MASK] are twin cities . [SEP],Eisenberg:2,"Eisenberg:2 | Eisenberg:2 | Eisenberg:2 , Thuringia:3 | Eisenberg:2 / Thüringen",True
[CLS] Shanghai and [MASK] are twin cities . [SEP],Shanghai,Piraeus:3 | Piraeus:3,False
[CLS] Gryfino:3 and [MASK] [MASK] [MASK] are twin cities . [SEP],Gryfino:3,Schwedt:4 / Oder | Schwedt:4 | Schwedt:4 / Oder,False
[CLS] Bryansk:2 and [MASK] [MASK] are twin cities . [SEP],Bryansk:2,Oryol:3 | Oriol:2 | Oryol:3,False
[CLS] Frankfurt am Main and [MASK] [MASK] [MASK] are twin cities . [SEP],Frankfurt am Main,Tel Aviv | Tel Aviv | Tel Aviv City | Tel Aviv Jaffa:2 | Tel Aviv - Jaffa:2 | Tel Aviv - Jafo:2 | Tel Aviv - Yafo:2 | Tel aviv:2 | Tel - Aviv | Tel - Aviv Jaffa:2 | Tel - aviv:2,False
[CLS] Johor Bahru:2 and [MASK] [MASK] are twin cities . [SEP],Kelantan Kelantan,Jeddah:3 | Jeddah:3,False
[CLS] Antwerp and [MASK] are twin cities . [SEP],Antwerp,Cape Town | Cape | Cape Town | Kaap | Kaapstad | iKapa:3,False
[CLS] Neustadt bei Coburg and [MASK] [MASK] [MASK] are twin cities . [SEP],Neustadt in Coburg,Sonneberg:2 | Sonneberg:2,False
[CLS] Algeciras:4 and [MASK] [MASK] [MASK] [MASK] are twin cities . [SEP],Algeciras:4,Tangier:2 | Tanger:2 | Tangeri:2 | Tangier:2 | Tangiers:2 | Tingi:2 | Tingis:2 | Tinigi:2 | Tánger:2 | Ṭanja:2 | Ṭanjah:3,False
[CLS] Warsaw and [MASK] [MASK] [MASK] are twin cities . [SEP],Lubusz:3,Tel Aviv | Tel Aviv | Tel Aviv City | Tel Aviv Jaffa:2 | Tel Aviv - Jaffa:2 | Tel Aviv - Jafo:2 | Tel Aviv - Yafo:2 | Tel aviv:2 | Tel - Aviv | Tel - Aviv Jaffa:2 | Tel - aviv:2,False
[CLS] Larkhall:3 and [MASK] [MASK] [MASK] are twin cities . [SEP],Larkhall:3,Seclin:2 | Seclin:2,False
[CLS] Palermo and [MASK] are twin cities . [SEP],Palermo,"Buenos Aires | Autonomous City of Buenos Aires | Buenos Aires | Buenos Aires , Argentina | Buenos Ayres:2",False
[CLS] Friedrichroda:2 and [MASK] [MASK] [MASK] [MASK] are twin cities . [SEP],the Kreis Friedrichroda:2,Bebra:2 | Bebra:2,False
[CLS] Isfahan:2 and [MASK] [MASK] are twin cities . [SEP],Isfahan:2,Saint Petersburg | Leningrad | Petersburg | Petrograd:2 | Saint Petersburg | Sankt - Peterburg:2 | St Petersburg | St . Petersburg,False
[CLS] Arzberg:3 and [MASK] [MASK] [MASK] are twin cities . [SEP],Arzberg:3,"Arzberg:3 | Arzberg:3 | Arzberg:3 , Bavaria | Arzberg:3 / Oberfranken:3",True
[CLS] Budapest and [MASK] [MASK] [MASK] are twin cities . [SEP],Budapest - Hungary,"New York City | Big Apple | City of New York | NY City | NYC | New York | New York City | New York City , New York | New York , New York | the five boroughs:2",False
[CLS] Folsom:3 and [MASK] [MASK] [MASK] are twin cities . [SEP],Folsom:3,Crespano:4 del Grappa:3 | Crespano:4 del Grappa:3,False
[CLS] Veliko Tarnovo:2 and [MASK] [MASK] [MASK] are twin cities . [SEP],Veliko Tarnovo:2,Ohrid:2 | Ohrid:2,False
[CLS] Barcelona and [MASK] [MASK] are twin cities . [SEP],São Paulo,Rio de Janeiro | RJ | Rio | Rio de Janeiro | Rio de Janeiro city,False
[CLS] Taipei and [MASK] [MASK] [MASK] are twin cities . [SEP],Taiwanese:2 Tai,Daegu:2 | Daegu:2 | Daegu:2 Metropolitan City | Taegu:2,False
[CLS] Bangkok and [MASK] [MASK] [MASK] are twin cities . [SEP],Bangkok Ya Ya,Vientiane:3 | Bientani:2 | Vientiane:3,False
[CLS] Ho Chi Minh City and [MASK] [MASK] [MASK] [MASK] are twin cities . [SEP],Ho Chi Minh City,Saint Petersburg | Leningrad | Petersburg | Petrograd:2 | Saint Petersburg | Sankt - Peterburg:2 | St Petersburg | St . Petersburg,False
[CLS] Mamers:2 and [MASK] [MASK] are twin cities . [SEP],Mamers:2,"Market Rasen:2 | Market Rasen:2 | Market Rasen:2 , Lincolnshire",False
[CLS] Aktau:2 and [MASK] [MASK] are twin cities . [SEP],Aktau:2,Poti:2 | Poti:2,False
[CLS] Lahore and [MASK] are twin cities . [SEP],Lahore,Mashhad:3 | Holy Mashhad:3 | Mashhad:3,False
[CLS] Buxton:2 and [MASK] [MASK] are twin cities . [SEP],Buxton:2,Bad Nauheim:3 | Bad Nauheim:3,False
[CLS] Santiago de Compostela and [MASK] [MASK] [MASK] are twin cities . [SEP],Santiago de Compostela,Le Puy - en - Velay:2 | Le Puy | Le Puy - en - Velay:2 | Puy | Puy - en - Velay:2,False
[CLS] Shanghai and [MASK] are twin cities . [SEP],Shanghai,Phnom:2 Penh:2 | Phnom:2 Penh:2,False
[CLS] Sassnitz:3 and [MASK] [MASK] [MASK] are twin cities . [SEP],Sassnitz:3,Trelleborg:3 | Trelleborg:3,False
[CLS] Porto and [MASK] are twin cities . [SEP],Porto,Mindelo:2 | Mindelo:2,False
[CLS] Busselton:3 and [MASK] [MASK] [MASK] are twin cities . [SEP],Busselton:3,Sugito:3 | Sugito:3,False
[CLS] Moyobamba:3 and [MASK] [MASK] are twin cities . [SEP],Moyo:2,Iquitos:3 | Iquitos:3,False
[CLS] Trelleborg:3 and [MASK] [MASK] [MASK] are twin cities . [SEP],Sønderborg:3,Sassnitz:3 | Mukran:3 | Sassnitz:3 | Saßnitz:3,False
[CLS] Oslo and [MASK] [MASK] [MASK] are twin cities . [SEP],"Oslo , Norway",Tel Aviv | Tel Aviv | Tel Aviv City | Tel Aviv Jaffa:2 | Tel Aviv - Jaffa:2 | Tel Aviv - Jafo:2 | Tel Aviv - Yafo:2 | Tel aviv:2 | Tel - Aviv | Tel - Aviv Jaffa:2 | Tel - aviv:2,False
[CLS] Astrakhan:3 and [MASK] [MASK] [MASK] are twin cities . [SEP],Astrakhan:3,Stavropol:4 | Stavropol:4,False
[CLS] Granada and [MASK] are twin cities . [SEP],Granada,Tlemcen:3 | Tlemcen:3,False
[CLS] Znojmo:3 and [MASK] [MASK] are twin cities . [SEP],Zlín:2,Retz:2 | Retz:2,False
[CLS] Lucera:2 and [MASK] [MASK] [MASK] [MASK] are twin cities . [SEP],"Lucera:2 , Italy",Altamura:2 | Altamura:2,False
[CLS] Shenyang:2 and [MASK] [MASK] are twin cities . [SEP],Shenzhen:2,Irkutsk:3 | Irkutsk:3,False
[CLS] Bangkok and [MASK] [MASK] [MASK] are twin cities . [SEP],Bangkok Ya Ya,Tianjin:2 | Municipality of Tianjin:2 | Tianjin:2 | Tianjin:2 Municipality | Tientsin:3,False
[CLS] Haguenau:2 and [MASK] are twin cities . [SEP],Hague,Landau in der Pfalz | Landau | Landau in der Pfalz | Landau / Pfalz,False
[CLS] Perth and [MASK] are twin cities . [SEP],Perth,Aschaffenburg:4 | Aschaffenburg:4,False
[CLS] Zgorzelec:4 and [MASK] [MASK] [MASK] [MASK] are twin cities . [SEP],Zgorzelec:4,Görlitz:3 | Goerlitz:3 | Gorlitz:3 | Görlitz:3,False
[CLS] Novi Sad and [MASK] [MASK] [MASK] are twin cities . [SEP],Craiova:3,Banja Luka | Banja Luka | Banjaluka:2,False
[CLS] Carloforte:2 and [MASK] [MASK] [MASK] are twin cities . [SEP],Pistoia:3,Pegli:2 | Pegli:2,False
[CLS] Buenos Aires and [MASK] [MASK] are twin cities . [SEP],Buenos Aires,Rio de Janeiro | RJ | Rio | Rio de Janeiro | Rio de Janeiro city,False
[CLS] Sochi:2 and [MASK] [MASK] are twin cities . [SEP],Sochi:2,Kerch:2 | Kerch:2,False
[CLS] Beijing and [MASK] [MASK] [MASK] [MASK] are twin cities . [SEP],U . S .,Saint Petersburg | Leningrad | Petersburg | Petrograd:2 | Saint Petersburg | Sankt - Peterburg:2 | St Petersburg | St . Petersburg,False
[CLS] Barcs:2 and [MASK] [MASK] are twin cities . [SEP],Barcs:2,Virovitica:3 | Virovitica:3,False
[CLS] Michalovce:3 and [MASK] [MASK] [MASK] are twin cities . [SEP],Michalovce:3,Uzhhorod:4 | Uzhgorod:4 | Uzhhorod:4,False
[CLS] Rotterdam and [MASK] [MASK] are twin cities . [SEP],the Netherlands,Esch - sur - Alzette:3 | Esch - Uelzecht:4 | Esch - sur - Alzette:3 | Esch / Alzette:3,False
[CLS] Kuala Lumpur and [MASK] [MASK] [MASK] are twin cities . [SEP],Johor Bahru:2,Melaka City | Malacca:2 City | Melaka City,False
[CLS] Saint Petersburg and [MASK] [MASK] are twin cities . [SEP],Saint Petersburg,"St . Petersburg | Saint Petersburg | St Petersburg | St . Petersburg | St . Petersburg , Florida",True
[CLS] New Delhi and [MASK] [MASK] are twin cities . [SEP],Uttar Pradesh,Yerevan:2 | Erevan:2 | Eriwan:3 | The Pink City | Yerevan:2,False
[CLS] Algiers:2 and [MASK] [MASK] are twin cities . [SEP],Algiers:2,"New York City | Big Apple | City of New York | NY City | NYC | New York | New York City | New York City , New York | New York , New York | the five boroughs:2",False
[CLS] Maputo:2 and [MASK] [MASK] are twin cities . [SEP],Maputo:2,Rio de Janeiro | RJ | Rio | Rio de Janeiro | Rio de Janeiro city,False
[CLS] Amsterdam and [MASK] are twin cities . [SEP],Amsterdam,Rio de Janeiro | RJ | Rio | Rio de Janeiro | Rio de Janeiro city,False
[CLS] Montpellier and [MASK] are twin cities . [SEP],Montpellier,Rio de Janeiro | RJ | Rio | Rio de Janeiro | Rio de Janeiro city,False
[CLS] Le Havre and [MASK] [MASK] are twin cities . [SEP],Le Havre,Saint Petersburg | Leningrad | Petersburg | Petrograd:2 | Saint Petersburg | Sankt - Peterburg:2 | St Petersburg | St . Petersburg,False
[CLS] Manchester and [MASK] [MASK] are twin cities . [SEP],Greater Manchester,Saint Petersburg | Leningrad | Petersburg | Petrograd:2 | Saint Petersburg | Sankt - Peterburg:2 | St Petersburg | St . Petersburg,False
[CLS] Konya and [MASK] [MASK] are twin cities . [SEP],Mersin:2,Sylhet:3 | Sylhet:3,False
[CLS] Balkh:2 and [MASK] [MASK] [MASK] are twin cities . [SEP],Bahrein:3,Samarkand:3 | Samarcand:3 | Samarkand:3 | Samarqand:4,False
[CLS] Tirana and [MASK] are twin cities . [SEP],Tirana,Kyiv:2 | Kiev | Kyiv:2 | Kyiw:3 | Kyjiv:3 | Kyjiw:3 | Kyyiv:3 | Kyïv:3,False
[CLS] Sochi:2 and [MASK] [MASK] are twin cities . [SEP],Sochi:2,Baden - Baden | Baden Baden | Baden - Baden,False
[CLS] Santa Cruz de la Sierra and [MASK] [MASK] [MASK] [MASK] [MASK] are twin cities . [SEP],Santa Cruz de la Sierra,La Plata | La Plata,False
[CLS] Ohrid:2 and [MASK] [MASK] are twin cities . [SEP],Ohrid:2,Plovdiv:4 | Filibe:3 | Philippopolis:3 | Plovdiv:4 | Пло̀вдив:6,False
[CLS] Fredericksburg:2 and [MASK] [MASK] are twin cities . [SEP],Fredericksburg:2,Montabaur:3 | Montabaur:3,False
[CLS] Baku and [MASK] are twin cities . [SEP],Baku,Rio de Janeiro | RJ | Rio | Rio de Janeiro | Rio de Janeiro city,False
[CLS] Milan and [MASK] [MASK] are twin cities . [SEP],San Marino,Frankfurt am Main | Frankfurt | Frankfurt ( Main ) | Frankfurt am Main | Frankfurt / Main | Kreisfreie:3 Stadt Frankfurt am Main,False
[CLS] Tianjin:2 and [MASK] [MASK] are twin cities . [SEP],Tianjin:2,Kōbe:3 | Kobe | Kobe City | Kobe - shi | Kōbe:3 | Kōbe:3 City | Kōbe:3 - shi,False
[CLS] Lipetsk:3 and [MASK] [MASK] [MASK] are twin cities . [SEP],Lipetsk:3,Vinnytsia:4 | Vinnytsia:4,False
[CLS] Stockholm and [MASK] [MASK] [MASK] are twin cities . [SEP],Säby:3,Mexico City | City of Mexico | Ciudad de México | Mexico City | Mexico D . F .,False
[CLS] Xalapa:3 and [MASK] [MASK] [MASK] are twin cities . [SEP],Xalapa:3,Antigua Guatemala | Antigua Guatemala,False
[CLS] Assisi and [MASK] are twin cities . [SEP],Assisi,Santiago de Compostela | Santiago de Compostela,False
[CLS] Cairo and [MASK] [MASK] [MASK] are twin cities . [SEP],"Cairo , Egypt",Mexico City | City of Mexico | Ciudad de México | Mexico City | Mexico D . F .,False
[CLS] Beijing and [MASK] [MASK] [MASK] [MASK] are twin cities . [SEP],U . S .,Rio de Janeiro | RJ | Rio | Rio de Janeiro | Rio de Janeiro city,False
[CLS] Amberg:2 and [MASK] [MASK] are twin cities . [SEP],Amberg:2,Schnaittenbach:4 | Schnaittenbach:4,False
[CLS] Hemsbach:3 and [MASK] [MASK] [MASK] are twin cities . [SEP],Hemsbach:3,"Wareham:2 | Wareham:2 | Wareham:2 , Dorset",False
[CLS] Štúrovo:4 and [MASK] [MASK] [MASK] [MASK] are twin cities . [SEP],Štúrovo:4,Esztergom:4 | Esztergom:4,False
[CLS] Agia:2 Paraskevi:3 and [MASK] [MASK] are twin cities . [SEP],Agia:2,Geroskipou:4 | Geroskipou:4,False
[CLS] Redondo:2 Beach and [MASK] [MASK] [MASK] are twin cities . [SEP],Redondo:2 Beach,Hermosa:2 Beach | Hermosa:2 Beach,False
[CLS] Gudensberg:3 and [MASK] [MASK] [MASK] are twin cities . [SEP],Gudensberg:3,Dissen:2 am Teutoburger:3 Wald | Dissen:2 am Teutoburger:3 Wald,False
[CLS] Tzahar:3 and [MASK] [MASK] are twin cities . [SEP],Almaty:2,"West Palm Beach | West Palm Beach | West Palm Beach , Florida",False
[CLS] Madrid and [MASK] are twin cities . [SEP],Madrid,"New York City | Big Apple | City of New York | NY City | NYC | New York | New York City | New York City , New York | New York , New York | the five boroughs:2",False
[CLS] Langerwehe:4 and [MASK] [MASK] [MASK] [MASK] are twin cities . [SEP],Langerwehe:4,"Exmouth:2 | Exmouth:2 | Exmouth:2 , Devon",False
[CLS] Cheb:2 and [MASK] [MASK] are twin cities . [SEP],Cheb:2,Nizhny:3 Tagil:2 | Nizhny:3 Tagil:2,False
[CLS] Guernsey:3 and [MASK] [MASK] are twin cities . [SEP],Sandwich:2,Biberach:3 an der Riss:2 | Biberach:3 | Biberach:3 an der Riss:2 | Biberach:3 an der Riß:3 | Biberach:3 / Riß:3,False
[CLS] Ōsaka:2 and [MASK] [MASK] [MASK] are twin cities . [SEP],Okayama:3,"Buenos Aires | Autonomous City of Buenos Aires | Buenos Aires | Buenos Aires , Argentina | Buenos Ayres:2",False
[CLS] Reisbach:2 and [MASK] [MASK] are twin cities . [SEP],Reisbach:2,Reisbach:2 | Reisbach:2,True
[CLS] Berlin and [MASK] [MASK] [MASK] are twin cities . [SEP],Brandenburg - Berlin,"Buenos Aires | Autonomous City of Buenos Aires | Buenos Aires | Buenos Aires , Argentina | Buenos Ayres:2",False
[CLS] Simbach:2 am Inn and [MASK] [MASK] [MASK] [MASK] are twin cities . [SEP],Simbach:2 am Inn,Braunau:2 am Inn | Braunau:2 am Inn,False
[CLS] Beijing and [MASK] [MASK] [MASK] [MASK] are twin cities . [SEP],U . S .,"New York City | Big Apple | City of New York | NY City | NYC | New York | New York City | New York City , New York | New York , New York | the five boroughs:2",False
[CLS] Vilnius and [MASK] [MASK] [MASK] are twin cities . [SEP],"Kaunas , Lithuania",Kyiv:2 | Kiev | Kyiv:2 | Kyiw:3 | Kyjiv:3 | Kyjiw:3 | Kyyiv:3 | Kyïv:3,False
[CLS] Kushimoto:3 and [MASK] [MASK] [MASK] are twin cities . [SEP],Kushimoto:3,Mersin:2 | Mersin:2,False
[CLS] Royal Leamington:2 Spa and [MASK] [MASK] [MASK] are twin cities . [SEP],Leamington:2 Spa,"Leamington:2 | Leamington:2 | Leamington:2 , Ontario",False
[CLS] Madrid and [MASK] are twin cities . [SEP],Madrid,"La Paz | La Paz | La Paz , Bolivia | Nuestra Señora de La Paz",False
[CLS] Trogir:3 and [MASK] [MASK] are twin cities . [SEP],Vassar:2,Sinj:2 | Sinj:2,False
[CLS] Manchester and [MASK] [MASK] are twin cities . [SEP],Greater Manchester,"Los Angeles | City of Angels | City of Los Angeles | Double Dubuque:3 | L . A . | LA | LA , California | La La Land | Los Angeles | Los Angeles , California | Pink City | The town of Our Lady the Queen of the Angels of the Little Portion:2 | Tinsel:2 Town",False
[CLS] Vienna and [MASK] are twin cities . [SEP],Vienna,Tel Aviv | Tel Aviv | Tel Aviv City | Tel Aviv Jaffa:2 | Tel Aviv - Jaffa:2 | Tel Aviv - Jafo:2 | Tel Aviv - Yafo:2 | Tel aviv:2 | Tel - Aviv | Tel - Aviv Jaffa:2 | Tel - aviv:2,False
[CLS] Tbilisi and [MASK] [MASK] are twin cities . [SEP],Athens Athens,Saint Petersburg | Leningrad | Petersburg | Petrograd:2 | Saint Petersburg | Sankt - Peterburg:2 | St Petersburg | St . Petersburg,False
[CLS] Oslo and [MASK] [MASK] [MASK] are twin cities . [SEP],"Oslo , Norway","Washington , D . C . | D . C . | DC | District of Columbia | Washington | Washington D . C . | Washington DC | Washington , D . C . | Washington , DC | Washington , District of Columbia",False
[CLS] Puno:2 and [MASK] [MASK] are twin cities . [SEP],Puno:2,"La Paz | La Paz | La Paz , Bolivia | Nuestra Señora de La Paz",False
[CLS] Mouscron:4 and [MASK] [MASK] [MASK] [MASK] are twin cities . [SEP],Mouscron:4,Tourcoing:3 | Tourcoing:3,False
[CLS] Rabka:2 - Zdrój:3 and [MASK] [MASK] are twin cities . [SEP],Radom:2,Murrhardt:3 | Murrhardt:3,False
[CLS] Arica:2 and [MASK] [MASK] are twin cities . [SEP],Arica:2,Arequipa:3 | Arequipa:3,False
[CLS] Saint Petersburg and [MASK] [MASK] are twin cities . [SEP],Saint Petersburg,Daugavpils:4 | Daugapils:3 | Daugava:3 | Daugavpils:4 | Daugpilis:4 | Daugpiļs:5 | Daŭhaŭpils:5 | Deneburg:3 | Denenburg:2 | Dinaburg:2 | Duenaburg:3 | Dvinsk:3 | Dwinsk:3 | Dynaborgs:3 | Dynaburg:3 | Dyneburg:3 | Dünaburg:4 | Dźvinsk:4 | Dźwińsk:5,False
[CLS] Seoul and [MASK] [MASK] [MASK] [MASK] are twin cities . [SEP],U . S .,Mexico City | City of Mexico | Ciudad de México | Mexico City | Mexico D . F .,False
[CLS] Varna:2 and [MASK] [MASK] are twin cities . [SEP],Varna:2,Kharkiv:4 | Kharkiv:4 | Kharkov:3,False
[CLS] Vyborg:3 and [MASK] [MASK] [MASK] are twin cities . [SEP],Vyborg:3,Lappeenranta:4 | Lappeenranta:4 | Villmanstrand:5,False
[CLS] Budapest and [MASK] [MASK] [MASK] are twin cities . [SEP],Budapest - Hungary,Subotica:2 | Subotica:2,False
[CLS] Bad Vilbel:3 and [MASK] [MASK] [MASK] [MASK] are twin cities . [SEP],Bad Vilbel:3,Glossop:3 | Glossop:3,False
[CLS] Atyrau:3 and [MASK] [MASK] [MASK] are twin cities . [SEP],Atyrau:3,Aktobe:2 | Aktjubinsk:4 | Aktobe:2 | Aktubinsk:3 | Aktyubinsk:4 | Aqtobe:4,False
[CLS] Havana and [MASK] are twin cities . [SEP],Havana,"Santo Domingo | Santo Domingo | Santo Domingo de Guzman:3 | Santo Domingo de Guzmán | Santo Domingo , Dominican Republic",False
[CLS] Shanghai and [MASK] are twin cities . [SEP],Shanghai,Busan:2 | Busan:2 | Pusan:2,False
[CLS] Rio de Janeiro and [MASK] [MASK] [MASK] are twin cities . [SEP],Rio de Janeiro,"Santo Domingo | Santo Domingo | Santo Domingo de Guzman:3 | Santo Domingo de Guzmán | Santo Domingo , Dominican Republic",False
[CLS] Philippsbourg:3 and [MASK] [MASK] [MASK] are twin cities . [SEP],Philippsburg:3,Philippsburg:2 | Philippsburg:2,True
[CLS] Bordeaux and [MASK] are twin cities . [SEP],Bordeaux,"Los Angeles | City of Angels | City of Los Angeles | Double Dubuque:3 | L . A . | LA | LA , California | La La Land | Los Angeles | Los Angeles , California | Pink City | The town of Our Lady the Queen of the Angels of the Little Portion:2 | Tinsel:2 Town",False
[CLS] Kiel and [MASK] are twin cities . [SEP],Kiel,Stralsund:3 | Stralsund:3,False
[CLS] Auenstein:2 and [MASK] [MASK] [MASK] [MASK] are twin cities . [SEP],Schweinfurt:4,Ilsfeld:2 | Ilsfeld:2,False
[CLS] Moscow and [MASK] [MASK] [MASK] are twin cities . [SEP],Cher Cher Cher,Banja Luka | Banja Luka | Banjaluka:2,False
[CLS] Kisumu:2 and [MASK] [MASK] [MASK] are twin cities . [SEP],Kyushu:3,"Roanoke:3 | Roanoke:3 | Roanoke:3 , VA | Roanoke:3 , Virginia",False
[CLS] Mexico City and [MASK] [MASK] are twin cities . [SEP],Mexico City,Rio de Janeiro | RJ | Rio | Rio de Janeiro | Rio de Janeiro city,False
[CLS] Doha and [MASK] are twin cities . [SEP],Doha,Marbella:2 | Marbella:2,False
[CLS] Windhoek:2 and [MASK] [MASK] are twin cities . [SEP],Windhoek:2,"Harare:2 | Fort Salisbury | Harare:2 | Salisbury | Salisbury , Rhodesia:2",False
[CLS] San Mauro Pascoli:2 and [MASK] [MASK] [MASK] [MASK] are twin cities . [SEP],San Mauro Pascoli:2,Teggiano:3 | Teggiano:3,False
[CLS] Winnenden:3 and [MASK] [MASK] [MASK] are twin cities . [SEP],Winnenden:3,Albertville:2 | Albertville:2,False
[CLS] Edinburgh and [MASK] [MASK] [MASK] are twin cities . [SEP],"Glasgow , Scotland",Kyiv:2 | Kiev | Kyiv:2 | Kyiw:3 | Kyjiv:3 | Kyjiw:3 | Kyyiv:3 | Kyïv:3,False
[CLS] Görlitz:3 and [MASK] [MASK] [MASK] are twin cities . [SEP],Görlitz:3,Zgorzelec:4 | Zgorzelec:4,False
[CLS] Llanberis:4 and [MASK] [MASK] [MASK] [MASK] are twin cities . [SEP],Llanberis:4,Morbegno:3 | Morbegno:3,False
[CLS] Shanghai and [MASK] are twin cities . [SEP],Shanghai,Ōsaka:2 Prefecture | Osaka | Osaka Prefecture | Osaka - fu | Ōsaka:2 Prefecture | Ōsaka:2 - fu,False
[CLS] Cape Town and [MASK] [MASK] [MASK] are twin cities . [SEP],Cape Cape Town,Saint Petersburg | Leningrad | Petersburg | Petrograd:2 | Saint Petersburg | Sankt - Peterburg:2 | St Petersburg | St . Petersburg,False
[CLS] Rustington:3 and [MASK] [MASK] [MASK] are twin cities . [SEP],Rustington:3,Künzell:3 | Künzell:3,False
[CLS] Madrid and [MASK] are twin cities . [SEP],Madrid,Guatemala City | Ciudad de Guatemala | Guate:2 | Guatemala | Guatemala City | La Nueva Guatemala de la Asuncion:3 | La Nueva Guatemala de la Asunción,False
[CLS] Mably:2 and [MASK] [MASK] are twin cities . [SEP],Mably:2,"Wantage:2 | Wantage:2 | Wantage:2 , Oxfordshire | Wantage:2 , Oxon:2",False
[CLS] Lagos and [MASK] are twin cities . [SEP],Lagos,Maputo:2 | Lourenço Marques | Maputo:2,False
[CLS] Baghdad and [MASK] are twin cities . [SEP],Baghdad,Pyongyang:3 | Capital of Revolution | Pyongyang:3 | Ryugyong:3,False
[CLS] Rafina:2 and [MASK] [MASK] are twin cities . [SEP],Rafina:2,Tirilye:3 | Tirilye:3 | Trigleia:3 | Zeytinbağı:5,False
[CLS] Denver and [MASK] are twin cities . [SEP],Denver,"Cuernavaca:3 | Cuernavaca:3 | Cuernavaca:3 , Morelos",False
[CLS] Muro:2 Lucano:2 and [MASK] [MASK] [MASK] [MASK] are twin cities . [SEP],Muro:2 Lucano:2,Vietri:2 di Potenza:2 | Vietri:2 di Potenza:2,False
[CLS] Rohrau:3 and [MASK] [MASK] [MASK] are twin cities . [SEP],Rohrau:3,Gärtringen:3 | Gärtringen:3,False
[CLS] Seoul and [MASK] [MASK] [MASK] [MASK] are twin cities . [SEP],U . S .,"San Francisco | Baghdad by the Bay | City and County of San Francisco | Frisco:3 | Paris of the West | SF | SFO:2 | San Fran | San Francisco | San Francisco County | San Francisco County , California | San Francisco , California | The City by the Bay | The Golden City",False
[CLS] Ilioupoli:3 Municipality and [MASK] [MASK] [MASK] are twin cities . [SEP],Ilioupoli:3,Larnaca:3 | Larnaca:3,False
[CLS] Caracas and [MASK] are twin cities . [SEP],Caracas,Rio de Janeiro | RJ | Rio | Rio de Janeiro | Rio de Janeiro city,False
[CLS] Mantua:2 and [MASK] [MASK] are twin cities . [SEP],Mantua:2,Oradea:2 | Grosswardein:3 | Groysvardein:5 | Magnovaradinum:4 | Nagy - Varad:2 | Nagy - Várad:3 | Nagyvarad:3 | Nagyvárad:3 | Oradea:2 | Oradea:2 - Mare | Varat:2 | Vel:2 ' ký Varadín:3 | Veliki Varadin:3 | Velky:3 Varadin:3,False
[CLS] Ankara and [MASK] [MASK] [MASK] [MASK] are twin cities . [SEP],Taşkınlı:4,Pristina:2 | Capital of Kosovo | Prishtina:3 | Prishtinë:3 | Pristina:2 | Priştine:3 | Priština:2 | Priștine:3 | Приштина:3,False
[CLS] Odessa and [MASK] are twin cities . [SEP],Odessa,Saint Petersburg | Leningrad | Petersburg | Petrograd:2 | Saint Petersburg | Sankt - Peterburg:2 | St Petersburg | St . Petersburg,False
[CLS] Rio de Janeiro and [MASK] [MASK] [MASK] are twin cities . [SEP],Rio de Janeiro,Niterói:3 | Niteroi:3 | Niterói:3,False
[CLS] Dolores Hidalgo Municipality and [MASK] [MASK] are twin cities . [SEP],Dolores Hidalgo,Mexico City | City of Mexico | Ciudad de México | Mexico City | Mexico D . F .,False
[CLS] Chiang Mai and [MASK] [MASK] are twin cities . [SEP],Chiang Mai,Kunming:2 | Kunming:2,False
[CLS] Ankara and [MASK] [MASK] [MASK] [MASK] are twin cities . [SEP],Taşkınlı:4,Mogadishu:4 | Hamar | Maqadīshū:6 | Mogadishu:4 | The Seat of the Shah | Xamar:2,False
[CLS] Beijing and [MASK] [MASK] [MASK] [MASK] are twin cities . [SEP],U . S .,Islamabad:2 | Islamabad:2 | Islāmābād:5,False
[CLS] Olongapo:3 and [MASK] [MASK] [MASK] are twin cities . [SEP],Olongapo:3,Cagayan:3 de Oro | CDO:2 | Cagayan:3 de Oro | Cagayan:3 de Oro City | City of Cagayan:3 de Oro,False
[CLS] Wapakoneta:4 and [MASK] [MASK] [MASK] [MASK] are twin cities . [SEP],Wapakoneta:4,Lengerich:3 | Lengerich:3 | Lengerich:3 ( Westfalen ) | Lengerich:3 / Westfalen,False
[CLS] Dubai and [MASK] [MASK] are twin cities . [SEP],Yalta:2,Nur - Sultan | Akmola:3 | Astana | Nur - Sultan | Nursultan:3,False
[CLS] Graz and [MASK] are twin cities . [SEP],Graz,Celje:2 | Celje:2,False
[CLS] Krefeld:2 and [MASK] [MASK] are twin cities . [SEP],Krefeld:2,Venlo:3 | Venlo:3,False
[CLS] Marbella:2 and [MASK] [MASK] [MASK] are twin cities . [SEP],Mar del Plata,Kuwait city | Al Kuwait | Kuwait | Kuwait City,False
[CLS] Batumi:2 and [MASK] [MASK] [MASK] [MASK] are twin cities . [SEP],"Batumi:2 , Russia",Artvin:2 | Artvin:2,False
[CLS] Auckland and [MASK] are twin cities . [SEP],Auckland,Shinagawa:2 - ku | Shinagawa:2 | Shinagawa:2 - ku,False
[CLS] Bangkok and [MASK] [MASK] [MASK] are twin cities . [SEP],Bangkok Ya Ya,Chaozhou:2 | Chaozhou:2 | Teochew:3,False
[CLS] Edirne:2 and [MASK] [MASK] are twin cities . [SEP],Edirne:2,Alexandroupoli:4 | Alexandroupoli:4 | Alexandroupolis:4,False
[CLS] Vladivostok:3 and [MASK] [MASK] [MASK] are twin cities . [SEP],Vladivostok:3,"San Francisco | Baghdad by the Bay | City and County of San Francisco | Frisco:3 | Paris of the West | SF | SFO:2 | San Fran | San Francisco | San Francisco County | San Francisco County , California | San Francisco , California | The City by the Bay | The Golden City",False
[CLS] Bayonne:2 and [MASK] [MASK] [MASK] are twin cities . [SEP],Béarn:3,"Bayonne:2 | Bayonne:2 | Bayonne:2 , New Jersey",False
[CLS] Chicago and [MASK] [MASK] [MASK] [MASK] are twin cities . [SEP],U . S .,Busan:2 | Busan:2 | Pusan:2,False
[CLS] Bratislava and [MASK] are twin cities . [SEP],Bratislava,Kyiv:2 | Kiev | Kyiv:2 | Kyiw:3 | Kyjiv:3 | Kyjiw:3 | Kyyiv:3 | Kyïv:3,False
[CLS] Maracaibo:3 and [MASK] [MASK] [MASK] are twin cities . [SEP],Maracaibo:3,Mexico City | City of Mexico | Ciudad de México | Mexico City | Mexico D . F .,False
[CLS] Corfu:2 and [MASK] [MASK] [MASK] are twin cities . [SEP],Confucius:3,Brindisi:3 | Brindisi:3,False
[CLS] Thessaloniki and [MASK] are twin cities . [SEP],Thessaloniki,"San Francisco | Baghdad by the Bay | City and County of San Francisco | Frisco:3 | Paris of the West | SF | SFO:2 | San Fran | San Francisco | San Francisco County | San Francisco County , California | San Francisco , California | The City by the Bay | The Golden City",False
[CLS] Ankara and [MASK] [MASK] [MASK] [MASK] are twin cities . [SEP],Taşkınlı:4,Kyiv:2 | Kiev | Kyiv:2 | Kyiw:3 | Kyjiv:3 | Kyjiw:3 | Kyyiv:3 | Kyïv:3,False
[CLS] Oviedo and [MASK] are twin cities . [SEP],Oviedo,Valencia de Don Juan | Valencia de Don Juan,False
[CLS] Cwmbran:3 and [MASK] [MASK] are twin cities . [SEP],Cwm:2,Bruchsal:3 | Bruchsal:3,False
[CLS] Matlock:2 and [MASK] [MASK] are twin cities . [SEP],Matlock:2,Eaubonne:3 | Eaubonne:3,False
[CLS] London and [MASK] [MASK] [MASK] [MASK] are twin cities . [SEP],the City of London,"Santo Domingo | Santo Domingo | Santo Domingo de Guzman:3 | Santo Domingo de Guzmán | Santo Domingo , Dominican Republic",False
[CLS] Nur - Sultan and [MASK] [MASK] [MASK] are twin cities . [SEP],Nur - Sultan,Bishkek:3 | Bishkek:3 | Frunze:3,False
[CLS] Erstein:2 and [MASK] [MASK] are twin cities . [SEP],Erstein:2,Lahr:2 / Schwarzwald:2 | Lahr:2 | Lahr:2 / Schwarzwald:2,False
[CLS] Warsaw and [MASK] [MASK] [MASK] are twin cities . [SEP],Lubusz:3,Saint Petersburg | Leningrad | Petersburg | Petrograd:2 | Saint Petersburg | Sankt - Peterburg:2 | St Petersburg | St . Petersburg,False
[CLS] Pilisvörösvár:6 and [MASK] [MASK] are twin cities . [SEP],Pilis:2,Schramberg:3 | Schramberg:3,False
[CLS] Warsaw and [MASK] [MASK] [MASK] are twin cities . [SEP],Lubusz:3,The Hague | ' s - Gravenhage:3 | Den Haag | Haag | The Hague,False
[CLS] Banbury:2 and [MASK] [MASK] [MASK] [MASK] are twin cities . [SEP],London Che Che Che,Hennef:3 ( Sieg ) | Hennef:3 | Hennef:3 ( Sieg ),False
[CLS] Cairo and [MASK] [MASK] [MASK] are twin cities . [SEP],"Cairo , Egypt",Khartoum:3 | Khartoum:3,False
[CLS] Kuala Lumpur and [MASK] [MASK] [MASK] are twin cities . [SEP],Johor Bahru:2,New Delhi | Nayi:2 Dilli:2 | New Delhi | New Delhi district,False
[CLS] Houston and [MASK] are twin cities . [SEP],Houston,Abu Dhabi | Abu Dhabi | Abudhabi:3 | Abū Dhabi,False
[CLS] Cincinnati and [MASK] are twin cities . [SEP],Cincinnati,Kharkiv:4 | Kharkiv:4 | Kharkov:3,False
[CLS] Patras:2 and [MASK] [MASK] are twin cities . [SEP],Patras:2,Brindisi:3 | Brindisi:3,False
[CLS] Palermo and [MASK] are twin cities . [SEP],Palermo,Bizerte:3 | Bizerte:3 | Hippo:2 Diarrhytus:4 | Hippo:2 Zarytus:3,False
[CLS] San Francisco and [MASK] [MASK] [MASK] [MASK] are twin cities . [SEP],U . S .,Burgas:2 | Bourgas:2 | Burgas:2,False
[CLS] Grodno:3 and [MASK] [MASK] are twin cities . [SEP],Lviv:2,Druskininkai:4 | Druskininkai:4,False
[CLS] Frankfurt am Main and [MASK] [MASK] [MASK] are twin cities . [SEP],Frankfurt am Main,Jeddah:3 | Jeddah:3,False
[CLS] Blagoevgrad:5 and [MASK] [MASK] [MASK] [MASK] [MASK] are twin cities . [SEP],Blagoevgrad:5,Serres:2 | Serres:2,False
[CLS] Boucherville:3 and [MASK] [MASK] [MASK] are twin cities . [SEP],Boucherville:3,Mortagne:2 - au - Perche:2 | Mortagne:2 - au - Perche:2,False
[CLS] Debrecen and [MASK] are twin cities . [SEP],Debrecen,Oradea:2 | Grosswardein:3 | Groysvardein:5 | Magnovaradinum:4 | Nagy - Varad:2 | Nagy - Várad:3 | Nagyvarad:3 | Nagyvárad:3 | Oradea:2 | Oradea:2 - Mare | Varat:2 | Vel:2 ' ký Varadín:3 | Veliki Varadin:3 | Velky:3 Varadin:3,False
[CLS] Almaty:2 and [MASK] [MASK] are twin cities . [SEP],Almaty:2,Saint Petersburg | Leningrad | Petersburg | Petrograd:2 | Saint Petersburg | Sankt - Peterburg:2 | St Petersburg | St . Petersburg,False
[CLS] Künzell:3 and [MASK] [MASK] [MASK] are twin cities . [SEP],Münzell:3,"Rustington:3 | Rustington:3 | Rustington:3 , West Sussex",False
[CLS] Rijswijk:3 and [MASK] [MASK] [MASK] are twin cities . [SEP],Rijswijk:3,Beroun:3 | Beraun:3 | Beroun:3,False
[CLS] Tunis and [MASK] are twin cities . [SEP],Tunis,Algiers:2 | Alger | Algiers:2,False
[CLS] San Antonio and [MASK] [MASK] are twin cities . [SEP],San Antonio,Las Palmas de Gran Canaria | Las Palmas | Las Palmas de Gran Canaria,False
[CLS] La Paz and [MASK] [MASK] are twin cities . [SEP],La Paz,Arica:2 | Arica:2,False
[CLS] Cowbridge:3 and [MASK] [MASK] [MASK] are twin cities . [SEP],Cowbridge:3,Clisson:2 | Clisson:2,False
[CLS] Kaunas and [MASK] [MASK] are twin cities . [SEP],the Hague,Saint Petersburg | Leningrad | Petersburg | Petrograd:2 | Saint Petersburg | Sankt - Peterburg:2 | St Petersburg | St . Petersburg,False
[CLS] Shanghai and [MASK] are twin cities . [SEP],Shanghai,Saint Petersburg | Leningrad | Petersburg | Petrograd:2 | Saint Petersburg | Sankt - Peterburg:2 | St Petersburg | St . Petersburg,False
[CLS] Rivera and [MASK] are twin cities . [SEP],Rivera,Santana do Livramento:2 | Santana do Livramento:2,False
[CLS] Moscow and [MASK] [MASK] [MASK] are twin cities . [SEP],Cher Cher Cher,Yerevan:2 | Erevan:2 | Eriwan:3 | The Pink City | Yerevan:2,False
[CLS] Edinburgh and [MASK] [MASK] [MASK] are twin cities . [SEP],"Glasgow , Scotland",Saint Petersburg | Leningrad | Petersburg | Petrograd:2 | Saint Petersburg | Sankt - Peterburg:2 | St Petersburg | St . Petersburg,False
[CLS] Bernalda:2 and [MASK] [MASK] are twin cities . [SEP],Bernalda:2,Venosa:2 | Venosa:2,False
[CLS] Amsterdam and [MASK] are twin cities . [SEP],Amsterdam,Willemstad:2 | Willemstad:2,False
[CLS] Retford:3 and [MASK] [MASK] [MASK] are twin cities . [SEP],Retford:3,Pfungstadt:3 | Pfungstadt:3,False
"[CLS] Miasa:2 , Nagano and [MASK] are twin cities . [SEP]",Nagano,Mendocino:3 | Big River | Meiggstown:3 | Mendocino:3 | Mendocino:3 City,False
[CLS] Vibo:2 Valentia:2 and [MASK] [MASK] [MASK] [MASK] are twin cities . [SEP],Vibo:2 Valentia:2,Corleone:3 | Corleone:3,False
[CLS] Ponta Porã:2 and [MASK] [MASK] are twin cities . [SEP],Ponta Ponta,Campo Grande | Campo Grande,False
[CLS] Accra:3 and [MASK] [MASK] are twin cities . [SEP],San Marino,"Washington , D . C . | D . C . | DC | District of Columbia | Washington | Washington D . C . | Washington DC | Washington , D . C . | Washington , DC | Washington , District of Columbia",False
[CLS] Crivitz:3 and [MASK] [MASK] [MASK] are twin cities . [SEP],Crivitz:3,Crivitz:3 | Crivitz:3 | Village of Crivitz:3,True
[CLS] Madrid and [MASK] are twin cities . [SEP],Madrid,Mexico City | City of Mexico | Ciudad de México | Mexico City | Mexico D . F .,False
[CLS] Miami and [MASK] are twin cities . [SEP],Miami,Panama City | Panama | Panama City | Panamá,False
[CLS] Rio de Janeiro and [MASK] [MASK] [MASK] are twin cities . [SEP],Rio de Janeiro,Saint Petersburg | Leningrad | Petersburg | Petrograd:2 | Saint Petersburg | Sankt - Peterburg:2 | St Petersburg | St . Petersburg,False
[CLS] Montreal and [MASK] [MASK] are twin cities . [SEP],Quebec City,"Los Angeles | City of Angels | City of Los Angeles | Double Dubuque:3 | L . A . | LA | LA , California | La La Land | Los Angeles | Los Angeles , California | Pink City | The town of Our Lady the Queen of the Angels of the Little Portion:2 | Tinsel:2 Town",False
[CLS] Viseu:2 and [MASK] [MASK] are twin cities . [SEP],Viseu:2,Santa Maria da Feira:2 | Santa Maria da Feira:2,False
[CLS] Cleveland and [MASK] are twin cities . [SEP],Cleveland,Beit:2 She ' an | Beit:2 She ' an,False
[CLS] Gaza City and [MASK] [MASK] [MASK] [MASK] are twin cities . [SEP],Gaza Gaza Gaza Gaza,Tel Aviv | Tel Aviv | Tel Aviv City | Tel Aviv Jaffa:2 | Tel Aviv - Jaffa:2 | Tel Aviv - Jafo:2 | Tel Aviv - Yafo:2 | Tel aviv:2 | Tel - Aviv | Tel - Aviv Jaffa:2 | Tel - aviv:2,False
[CLS] Nagoya and [MASK] [MASK] are twin cities . [SEP],Nagoya Nagoya,"Los Angeles | City of Angels | City of Los Angeles | Double Dubuque:3 | L . A . | LA | LA , California | La La Land | Los Angeles | Los Angeles , California | Pink City | The town of Our Lady the Queen of the Angels of the Little Portion:2 | Tinsel:2 Town",False
[CLS] Atyrau:3 and [MASK] [MASK] [MASK] are twin cities . [SEP],Atyrau:3,Aktau:2 | Aktau:2 | Aqtau:3,False
[CLS] Tunis and [MASK] are twin cities . [SEP],Tunis,Jeddah:3 | Jeddah:3,False
[CLS] Moscow and [MASK] [MASK] [MASK] are twin cities . [SEP],Cher Cher Cher,Simferopol:3 | Simferopol:3,False
[CLS] Milan and [MASK] [MASK] are twin cities . [SEP],San Marino,"Buenos Aires | Autonomous City of Buenos Aires | Buenos Aires | Buenos Aires , Argentina | Buenos Ayres:2",False
[CLS] Shanghai and [MASK] are twin cities . [SEP],Shanghai,Ōsaka:2 | Osaka | Osaka City | Osaka - shi | Ōsaka:2 | Ōsaka:2 City | Ōsaka:2 - shi,False
[CLS] Bizerte:3 and [MASK] [MASK] [MASK] are twin cities . [SEP],Bizerte:3,Oran:2 | Oran:2 | Wahran:3,False
[CLS] La Paz and [MASK] [MASK] are twin cities . [SEP],La Paz,"Santo Domingo | Santo Domingo | Santo Domingo de Guzman:3 | Santo Domingo de Guzmán | Santo Domingo , Dominican Republic",False
[CLS] Harare:2 and [MASK] [MASK] are twin cities . [SEP],Harare:2,Windhoek:2 | Windhoek:2,False
[CLS] Ruse:2 and [MASK] [MASK] are twin cities . [SEP],Ruse:2,Giurgiu:4 | Giurgiu:4 | Gyurgyevo:5 | Gyurgyevó:5,False
[CLS] Beirut and [MASK] [MASK] [MASK] are twin cities . [SEP],Bahrein:3,"Los Angeles | City of Angels | City of Los Angeles | Double Dubuque:3 | L . A . | LA | LA , California | La La Land | Los Angeles | Los Angeles , California | Pink City | The town of Our Lady the Queen of the Angels of the Little Portion:2 | Tinsel:2 Town",False
[CLS] Tel Aviv and [MASK] [MASK] are twin cities . [SEP],Tel Aviv,Almaty:2 | Alma - Ata | Almaty:2 | Almatı:2 | Алматы,False
[CLS] Naples and [MASK] are twin cities . [SEP],Naples,"Buenos Aires | Autonomous City of Buenos Aires | Buenos Aires | Buenos Aires , Argentina | Buenos Ayres:2",False
[CLS] Seoul and [MASK] [MASK] [MASK] [MASK] are twin cities . [SEP],U . S .,"Washington , D . C . | D . C . | DC | District of Columbia | Washington | Washington D . C . | Washington DC | Washington , D . C . | Washington , DC | Washington , District of Columbia",False
[CLS] Simferopol:3 and [MASK] are twin cities . [SEP],Odessa,Omsk:2 | Omsk:2 | Омск:2,False
[CLS] Ashby:2 - de - la - Zouch:2 and [MASK] [MASK] are twin cities . [SEP],Ashby:2,Pithiviers:3 | Pithiviers:3,False
[CLS] Wantage:2 and [MASK] [MASK] are twin cities . [SEP],Wantage:2,Mably:2 | Mably:2,False
[CLS] New Delhi and [MASK] [MASK] are twin cities . [SEP],Uttar Pradesh,Kuala Lumpur | KL:2 | Kuala Lumpur,False
[CLS] Berlin and [MASK] [MASK] [MASK] are twin cities . [SEP],Brandenburg - Berlin,Mexico City | City of Mexico | Ciudad de México | Mexico City | Mexico D . F .,False
[CLS] Dodgeville:2 and [MASK] [MASK] are twin cities . [SEP],Dodgeville:2,Oakham:2 | Oakham:2,False
[CLS] Philadelphia and [MASK] [MASK] [MASK] are twin cities . [SEP],Pennsylva:3,Tianjin:2 | Municipality of Tianjin:2 | Tianjin:2 | Tianjin:2 Municipality | Tientsin:3,False
[CLS] Amsterdam and [MASK] are twin cities . [SEP],Amsterdam,Nicosia:2 | Lefkosia:4 | Nicosia:2,False
[CLS] Leipzig and [MASK] are twin cities . [SEP],Leipzig,Kyiv:2 | Kiev | Kyiv:2 | Kyiw:3 | Kyjiv:3 | Kyjiw:3 | Kyyiv:3 | Kyïv:3,False
[CLS] Louviers:2 and [MASK] [MASK] are twin cities . [SEP],Louviers:2,Weymouth:3 and Portland | Weymouth:3 and Portland,False
[CLS] Oslo and [MASK] [MASK] [MASK] are twin cities . [SEP],"Oslo , Norway",Saint Petersburg | Leningrad | Petersburg | Petrograd:2 | Saint Petersburg | Sankt - Peterburg:2 | St Petersburg | St . Petersburg,False
[CLS] Dieppe:2 and [MASK] [MASK] [MASK] are twin cities . [SEP],Saint - Denis,Dieppe:2 | Dieppe:2,False
[CLS] Baden - Baden and [MASK] [MASK] [MASK] are twin cities . [SEP],Baden - Baden,Sochi:2 | Sochi:2,False
[CLS] Thessaloniki and [MASK] are twin cities . [SEP],Thessaloniki,Shenyang:2 | Shenyang:2,False
[CLS] Raspenava:3 and [MASK] [MASK] [MASK] are twin cities . [SEP],Raspenava:3,Bischofswerda:4 | Bischofswerda:4,False
[CLS] Huancayo:3 and [MASK] [MASK] [MASK] are twin cities . [SEP],Huancayo:3,Chimbote:3 | Chimbote:3,False
[CLS] Trakai:2 and [MASK] [MASK] [MASK] [MASK] are twin cities . [SEP],"Trakai:2 , Romania",Lutsk:3 | Loetsk:3 | Luc ' k | Luceoria:2 | Luck | Lucka:2 | Luckas:2 | Luts:2 ' k | Lutsk:3 | Lutzk:2 | Luytsk:3 | Luzk:2 | Łuck:2 | Łućk:4,False
[CLS] Techiman:2 and [MASK] [MASK] [MASK] [MASK] are twin cities . [SEP],S . T .,Sunyani:3 | Sunyani:3,False
[CLS] Houston and [MASK] are twin cities . [SEP],Houston,Shenzhen:2 | Shenzhen:2,False
[CLS] Bamako:3 and [MASK] [MASK] [MASK] are twin cities . [SEP],Bamako:3,Banjul:2 | Banjul:2,False
[CLS] Bastia and [MASK] are twin cities . [SEP],Bastia,Erding:2 | Erding:2,False
[CLS] Casablanca and [MASK] [MASK] are twin cities . [SEP],San Marino,Oran:2 | Oran:2 | Wahran:3,False
[CLS] London and [MASK] [MASK] [MASK] [MASK] are twin cities . [SEP],the City of London,Sylhet:3 | Sylhet:3,False
[CLS] Havana and [MASK] are twin cities . [SEP],Havana,Rio de Janeiro | RJ | Rio | Rio de Janeiro | Rio de Janeiro city,False
[CLS] Osterwieck:4 and [MASK] [MASK] [MASK] [MASK] are twin cities . [SEP],Osterwieck:4,Hornburg:2 | Hornburg:2,False
[CLS] Santiago and [MASK] [MASK] [MASK] are twin cities . [SEP],Santiago de Chile,"La Paz | La Paz | La Paz , Bolivia | Nuestra Señora de La Paz",False
[CLS] Kirkenes:2 and [MASK] [MASK] [MASK] are twin cities . [SEP],Sønderborg:3,Nikel:2 | Nikel:2,False
[CLS] Beirut and [MASK] [MASK] [MASK] are twin cities . [SEP],Bahrein:3,Yerevan:2 | Erevan:2 | Eriwan:3 | The Pink City | Yerevan:2,False
[CLS] Miami and [MASK] are twin cities . [SEP],Miami,Varna:2 | Odesos:2 | Stalin | Varna:2,False
[CLS] Bnei:2 Brak:2 and [MASK] [MASK] [MASK] are twin cities . [SEP],Ya Ya Ya,"Lakewood:2 Township | Lakewood:2 Township | Lakewood:2 Township , New Jersey",False
[CLS] Montreal and [MASK] [MASK] are twin cities . [SEP],Quebec City,San Salvador | San Salvador,False
[CLS] Bangkok and [MASK] [MASK] [MASK] are twin cities . [SEP],Bangkok Ya Ya,Wuhan:2 | Wu Han | Wuhan:2,False
[CLS] Tirana and [MASK] are twin cities . [SEP],Tirana,Prizren:3 | Prizren:3,False
[CLS] Manila and [MASK] [MASK] are twin cities . [SEP],the Philippines,Panama City | Panama | Panama City | Panamá,False
[CLS] Cologne and [MASK] [MASK] are twin cities . [SEP],Cologne Bonn,Esch - sur - Alzette:3 | Esch - Uelzecht:4 | Esch - sur - Alzette:3 | Esch / Alzette:3,False
[CLS] Omsk:2 and [MASK] [MASK] [MASK] are twin cities . [SEP],Orenburgsk:3,Pavlodar:4 | Pavlodar:4,False
[CLS] Rabat and [MASK] are twin cities . [SEP],Rabat,"Santo Domingo | Santo Domingo | Santo Domingo de Guzman:3 | Santo Domingo de Guzmán | Santo Domingo , Dominican Republic",False
[CLS] Buenos Aires and [MASK] [MASK] are twin cities . [SEP],Buenos Aires,Mexico City | City of Mexico | Ciudad de México | Mexico City | Mexico D . F .,False
[CLS] Saint Petersburg and [MASK] [MASK] are twin cities . [SEP],Saint Petersburg,Le Havre | Le Havre,False
[CLS] Alexandria and [MASK] [MASK] are twin cities . [SEP],Alexandria Alexandria,Jeddah:3 | Jeddah:3,False
[CLS] New York City and [MASK] [MASK] [MASK] are twin cities . [SEP],New York City,Algiers:2 | Alger | Algiers:2,False
[CLS] Exmouth:2 and [MASK] [MASK] are twin cities . [SEP],Exmouth:2,Langerwehe:4 | Langerwehe:4,False
[CLS] Schramberg:3 and [MASK] [MASK] [MASK] are twin cities . [SEP],Schramberg:3,Pilisvörösvár:6 | Pilisvorosvar:5 | Pilisvörösvár:6,False
[CLS] Mayen:2 and [MASK] [MASK] are twin cities . [SEP],Mayen:2,"Godalming:3 | Godalming:3 | Godalming:3 , Surrey",False
[CLS] Istanbul and [MASK] [MASK] [MASK] are twin cities . [SEP],"Istanbul , Turkey",Mexico City | City of Mexico | Ciudad de México | Mexico City | Mexico D . F .,False
[CLS] Tegucigalpa:5 and [MASK] [MASK] are twin cities . [SEP],La Paz,Guatemala City | Ciudad de Guatemala | Guate:2 | Guatemala | Guatemala City | La Nueva Guatemala de la Asuncion:3 | La Nueva Guatemala de la Asunción,False
[CLS] Santa Cruz de Tenerife and [MASK] [MASK] [MASK] [MASK] are twin cities . [SEP],Santa Cruz de Tenerife,Rio de Janeiro | RJ | Rio | Rio de Janeiro | Rio de Janeiro city,False
[CLS] Fall River and [MASK] [MASK] [MASK] [MASK] are twin cities . [SEP],U . S .,Ponta Delgada:2 | Ponta Delgada:2 | Ponta Delgada:2 Municipality,False
[CLS] Koper:2 and [MASK] [MASK] [MASK] are twin cities . [SEP],Pomorz:3,Buzet:2 | Buzet:2,False
[CLS] Adelaide and [MASK] [MASK] [MASK] are twin cities . [SEP],New South Wales,Rio de Janeiro | RJ | Rio | Rio de Janeiro | Rio de Janeiro city,False
[CLS] Manhattan Beach and [MASK] are twin cities . [SEP],Manhattan,Hermosa:2 Beach | Hermosa:2 Beach,False
[CLS] Freetown:2 and [MASK] [MASK] [MASK] [MASK] [MASK] are twin cities . [SEP],St . Mary ' s,Banjul:2 | Banjul:2,False
[CLS] La Plata and [MASK] [MASK] are twin cities . [SEP],La Plata,"Toroca:2 , Potosi:2 Bolivia | Charcas:3 | Chuquisaca:3 | Historic City of Sucre | La Plata | Sucre",True
[CLS] Brindisi:3 and [MASK] [MASK] [MASK] are twin cities . [SEP],Brindisi:3,Corfu:2 | Corfu:2 | Kerkira:2 | Korfu:3,False
[CLS] Barcelona and [MASK] [MASK] are twin cities . [SEP],São Paulo,"Santo Domingo | Santo Domingo | Santo Domingo de Guzman:3 | Santo Domingo de Guzmán | Santo Domingo , Dominican Republic",False
[CLS] Velletri:3 and [MASK] [MASK] are twin cities . [SEP],Reggio Emilia,Offenbach am Main | Offenbach | Offenbach am Main | Offenbach / Main,False
[CLS] Taunton:2 and [MASK] [MASK] are twin cities . [SEP],Taunton:2,Taunton:2 | Taunton:2,True
[CLS] Bad Salzungen:2 and [MASK] [MASK] [MASK] are twin cities . [SEP],Bad Bad Bad,Bad Hersfeld:2 | Bad Hersfeld:2,False
[CLS] Chimbote:3 and [MASK] [MASK] [MASK] are twin cities . [SEP],Chimbote:3,Huancayo:3 | Huancayo:3,False
[CLS] Shanghai and [MASK] are twin cities . [SEP],Shanghai,"San Francisco | Baghdad by the Bay | City and County of San Francisco | Frisco:3 | Paris of the West | SF | SFO:2 | San Fran | San Francisco | San Francisco County | San Francisco County , California | San Francisco , California | The City by the Bay | The Golden City",False
[CLS] Ephrata:3 and [MASK] [MASK] [MASK] are twin cities . [SEP],Ephrata:3,Eberbach:3 | Eberbach:3 | Pleutersbach:4 | Rockenau:2,False
[CLS] Montevideo and [MASK] are twin cities . [SEP],Montevideo,Mexico City | City of Mexico | Ciudad de México | Mexico City | Mexico D . F .,False
[CLS] Venice and [MASK] are twin cities . [SEP],Venice,Tel Aviv | Tel Aviv | Tel Aviv City | Tel Aviv Jaffa:2 | Tel Aviv - Jaffa:2 | Tel Aviv - Jafo:2 | Tel Aviv - Yafo:2 | Tel aviv:2 | Tel - Aviv | Tel - Aviv Jaffa:2 | Tel - aviv:2,False
[CLS] Strasbourg and [MASK] are twin cities . [SEP],Strasbourg,Oran:2 | Oran:2 | Wahran:3,False
[CLS] Thessaloniki and [MASK] are twin cities . [SEP],Thessaloniki,Tel Aviv | Tel Aviv | Tel Aviv City | Tel Aviv Jaffa:2 | Tel Aviv - Jaffa:2 | Tel Aviv - Jafo:2 | Tel Aviv - Yafo:2 | Tel aviv:2 | Tel - Aviv | Tel - Aviv Jaffa:2 | Tel - aviv:2,False
[CLS] Chojna:2 and [MASK] [MASK] are twin cities . [SEP],Chojna:2,Schwedt:4 / Oder | Schwedt:4 | Schwedt:4 / Oder,False
[CLS] Inverness:3 and [MASK] [MASK] [MASK] are twin cities . [SEP],Inverness:3,Saint - Valery:2 - en - Caux:2 | Saint - Valery:2 - en - Caux:2,False
[CLS] Vastogirardi:4 and [MASK] [MASK] [MASK] [MASK] are twin cities . [SEP],Vastogirardi:4,Campobasso:3 | Campobasso:3,False
[CLS] Oryol:3 and [MASK] [MASK] [MASK] are twin cities . [SEP],Oryol:3,Bryansk:2 | Bryansk:2,False
[CLS] Tarapoto:3 and [MASK] [MASK] [MASK] are twin cities . [SEP],Tarapoto:3,Iquitos:3 | Iquitos:3,False
[CLS] Moscow and [MASK] [MASK] [MASK] are twin cities . [SEP],Cher Cher Cher,Ganja:2 | Elisavetpol:3 | Ganja:2 | Kirovabad:3,False
[CLS] Montreal and [MASK] [MASK] are twin cities . [SEP],Quebec City,Beersheba:3 | Be ' er Sheva:2 | Beer Sheba:2 | Beer Sheva:2 | Beersheba:3,False
[CLS] Oran:2 and [MASK] [MASK] are twin cities . [SEP],Oran:2,Sfax:2 | Sfax:2,False
[CLS] Manchester and [MASK] [MASK] are twin cities . [SEP],Greater Manchester,Faisalabad:3 | Faisalabad:3 | Lyallpur:4,False
[CLS] Manchester and [MASK] [MASK] are twin cities . [SEP],Greater Manchester,Kanpur:2 | Kanpur:2 | Leather:2 City of India | Manchester of the East,False
[CLS] Kōbe:3 and [MASK] [MASK] [MASK] are twin cities . [SEP],Kōbe:3,Tianjin:2 | Municipality of Tianjin:2 | Tianjin:2 | Tianjin:2 Municipality | Tientsin:3,False
[CLS] Doha and [MASK] are twin cities . [SEP],Doha,Mexico City | City of Mexico | Ciudad de México | Mexico City | Mexico D . F .,False
[CLS] Rio de Janeiro and [MASK] [MASK] [MASK] are twin cities . [SEP],Rio de Janeiro,Cabo Frio:2 | Cabo Frio:2,False
[CLS] Banjul:2 and [MASK] [MASK] are twin cities . [SEP],Banjul:2,Freetown:2 | Freetown:2,False
[CLS] Tel Aviv and [MASK] [MASK] are twin cities . [SEP],Tel Aviv,"Buenos Aires | Autonomous City of Buenos Aires | Buenos Aires | Buenos Aires , Argentina | Buenos Ayres:2",False
[CLS] Montevideo and [MASK] are twin cities . [SEP],Montevideo,"Buenos Aires | Autonomous City of Buenos Aires | Buenos Aires | Buenos Aires , Argentina | Buenos Ayres:2",False
[CLS] Tel Aviv and [MASK] [MASK] are twin cities . [SEP],Tel Aviv,Limassol:3 | Limassol:3,False
[CLS] Saint Petersburg and [MASK] [MASK] are twin cities . [SEP],Saint Petersburg,Isfahan:2 | Aspadāna:3 | Culture City Of Iran | Esfahan:2 | Esfahān:3 | Hispahan:3 | IFN:2 | Isfahan:2 | Isfahān:3 | Ispahan:3 | Ispahān:3 | Sepahan:2 | Spahan:2 | Spahān:3,False
[CLS] Port Moresby:2 and [MASK] [MASK] [MASK] are twin cities . [SEP],Port Phillip Port,Townsville:2 | Townsville:2,False
"[CLS] Washington , D . C . and [MASK] [MASK] [MASK] are twin cities . [SEP]","Washington , DC",Accra:3 | Accra:3,False
[CLS] Batumi:2 and [MASK] [MASK] [MASK] [MASK] are twin cities . [SEP],"Batumi:2 , Russia",Yalta:2 | Yalta:2,False
[CLS] Haiphong:3 and [MASK] [MASK] [MASK] are twin cities . [SEP],Haiphong:3,Tianjin:2 | Municipality of Tianjin:2 | Tianjin:2 | Tianjin:2 Municipality | Tientsin:3,False
[CLS] Bahamas and [MASK] are twin cities . [SEP],Bahamas,"Miami - Dade:2 County | Dade:2 County | Dade:2 County , Florida | Miami - Dade:2 County | Miami - Dade:2 County , Florida",False
[CLS] Melbourne and [MASK] [MASK] are twin cities . [SEP],Melbourne Melbourne,Ōsaka:2 | Osaka | Osaka City | Osaka - shi | Ōsaka:2 | Ōsaka:2 City | Ōsaka:2 - shi,False
[CLS] New Orleans and [MASK] [MASK] are twin cities . [SEP],New Orleans,Tegucigalpa:5 | Tegucigalpa:5 y Comayagüela:5,False
[CLS] Cosne:2 - Cours - sur - Loire and [MASK] [MASK] are twin cities . [SEP],San Marino,Herentals:3 | Herentals:3,False
[CLS] Arica:2 and [MASK] [MASK] are twin cities . [SEP],Arica:2,Tacna:2 | Tacna:2,False
[CLS] Louviers:2 and [MASK] [MASK] are twin cities . [SEP],Louviers:2,Holzwickede:3 | Holzwickede:3,False
[CLS] Burgess Hill and [MASK] [MASK] are twin cities . [SEP],Burgess Hill,Schmallenberg:4 | Schmallenberg:4,False
[CLS] Porto Alegre and [MASK] [MASK] are twin cities . [SEP],Porto Alegre,"Buenos Aires | Autonomous City of Buenos Aires | Buenos Aires | Buenos Aires , Argentina | Buenos Ayres:2",False
[CLS] Senftenberg:3 and [MASK] [MASK] [MASK] are twin cities . [SEP],Senftenberg:3,Senftenberg:3 | Senftenberg:3,True
[CLS] Guadalajara and [MASK] are twin cities . [SEP],Guadalajara,Guadalajara Province | Guadalajara Province,False
[CLS] Omsk:2 and [MASK] [MASK] [MASK] are twin cities . [SEP],Orenburgsk:3,Novosibirsk:4 | Novosibirsk:4,False
[CLS] Stuttgart and [MASK] are twin cities . [SEP],Stuttgart,Jeddah:3 | Jeddah:3,False
[CLS] Prenzlau:3 and [MASK] [MASK] [MASK] are twin cities . [SEP],Prenzlau:3,Schwedt:4 / Oder | Schwedt:4 | Schwedt:4 / Oder,False
[CLS] Semarang and [MASK] are twin cities . [SEP],Semarang,Samarinda:3 | Samarinda:3,False
[CLS] Ho Chi Minh City and [MASK] [MASK] [MASK] [MASK] are twin cities . [SEP],Ho Chi Minh City,Vientiane:3 | Bientani:2 | Vientiane:3,False
[CLS] Kampala:3 and [MASK] [MASK] are twin cities . [SEP],San Marino,Kigali:2 | Kigali:2,False
[CLS] Verona and [MASK] are twin cities . [SEP],Verona,Corfu:2 | Corfu:2 | Kerkira:2 | Korfu:3,False
[CLS] Las Palmas de Gran Canaria and [MASK] [MASK] [MASK] [MASK] [MASK] are twin cities . [SEP],Las Palmas de Gran Canaria,"San Antonio | Alamo:2 City | City of San Antonio | Military City , USA | River City | San Antonio | San Antonio , Texas | San Antonio , USA",False
[CLS] Eisenstadt:2 and [MASK] [MASK] [MASK] [MASK] [MASK] are twin cities . [SEP],Szczeciński:5,Sopron:2 | Sopron:2 | Ödenburg:3,False
[CLS] Bălți:4 and [MASK] [MASK] [MASK] [MASK] are twin cities . [SEP],Bălți:4,Tiraspol:3 | Tiraspol:3 | Tiraspol:3 ' | Tyraspol:3 | טירספול:4 | טרעשפּיל:6,False
[CLS] Henstedt:2 - Ulzburg:3 and [MASK] [MASK] are twin cities . [SEP],Henstedt:2,"Waterlooville:2 | Waterlooville:2 | Waterlooville:2 , Hampshire",False
[CLS] Clisson:2 and [MASK] [MASK] are twin cities . [SEP],Clisson:2,Cowbridge:3 | Cowbridge:3 | Y Bont:2 - faen:2,False
[CLS] Mexico City and [MASK] [MASK] are twin cities . [SEP],Mexico City,"La Paz | La Paz | La Paz , Bolivia | Nuestra Señora de La Paz",False
[CLS] Loppersum:3 and [MASK] [MASK] are twin cities . [SEP],Harlingen:2,Hohenhameln:4 | Hohenhameln:4,False
[CLS] Litovel:3 and [MASK] [MASK] are twin cities . [SEP],Tu Tu,Littau:3 | Littau:3,False
[CLS] Beirut and [MASK] [MASK] [MASK] are twin cities . [SEP],Bahrein:3,"Buenos Aires | Autonomous City of Buenos Aires | Buenos Aires | Buenos Aires , Argentina | Buenos Ayres:2",False
[CLS] Lahore and [MASK] are twin cities . [SEP],Lahore,Isfahan:2 | Aspadāna:3 | Culture City Of Iran | Esfahan:2 | Esfahān:3 | Hispahan:3 | IFN:2 | Isfahan:2 | Isfahān:3 | Ispahan:3 | Ispahān:3 | Sepahan:2 | Spahan:2 | Spahān:3,False
[CLS] Ponta Delgada:2 and [MASK] [MASK] [MASK] are twin cities . [SEP],Ponta Delgada:2,"Fall River | Fall River | Fall River , Massachusetts",False
[CLS] Manila and [MASK] [MASK] are twin cities . [SEP],the Philippines,Acapulco:3 | Acapulco:3 | Acapulco:3 de Juarez:3 | Acapulco:3 de Juárez,False
[CLS] Shepshed:3 and [MASK] [MASK] [MASK] are twin cities . [SEP],Shepshed:3,Domont:2 | Domont:2,False
[CLS] Meiningen:2 and [MASK] [MASK] [MASK] [MASK] are twin cities . [SEP],the Kreis Meiningen:2,Meiningen:2 | Meiningen:2,False
[CLS] Sheringham:3 and [MASK] [MASK] are twin cities . [SEP],Sandwich:2,Otterndorf:3 | Otterndorf:3,False
[CLS] Antalya and [MASK] [MASK] [MASK] are twin cities . [SEP],Antalya - Mer,Rostov - on - Don | Rostov - on - Don,False
[CLS] Hamilton and [MASK] are twin cities . [SEP],Hamilton,Racalmuto:4 | Racalmuto:4,False
[CLS] Kotka:2 and [MASK] [MASK] are twin cities . [SEP],Narvik:2,Saint Petersburg | Leningrad | Petersburg | Petrograd:2 | Saint Petersburg | Sankt - Peterburg:2 | St Petersburg | St . Petersburg,False
[CLS] Tarapoto:3 and [MASK] [MASK] [MASK] are twin cities . [SEP],Tarapoto:3,Pucallpa:4 | Pucallpa:4,False
[CLS] Skopje and [MASK] [MASK] are twin cities . [SEP],Vardar:2,Pernik:2 | Pernik:2 | Перник:2,False
[CLS] Caracas and [MASK] are twin cities . [SEP],Caracas,"La Paz | La Paz | La Paz , Bolivia | Nuestra Señora de La Paz",False
[CLS] Buenos Aires and [MASK] [MASK] are twin cities . [SEP],Buenos Aires,Andalusia:3 | Andalucia:3 | Andalucía | Andalusia:3,False
[CLS] Lakewood:2 Township and [MASK] [MASK] are twin cities . [SEP],Twin Cities,Bnei:2 Brak:2 | Bene:2 Berak:2 | Bene:2 Beraq:2 | Bnei:2 Beraq:2 | Bnei:2 Brak:2,False
[CLS] Marbella:2 and [MASK] [MASK] [MASK] are twin cities . [SEP],Mar del Plata,Jeddah:3 | Jeddah:3,False
[CLS] Schnaittenbach:4 and [MASK] [MASK] [MASK] [MASK] are twin cities . [SEP],Schnaittenbach:4,Amberg:2 | Amberg:2 | Amberg:2 / Oberpfalz:2,False
[CLS] Maurepas:3 and [MASK] [MASK] [MASK] are twin cities . [SEP],Maurepas:3,Henstedt:2 - Ulzburg:3 | Henstedt:2 - Ulzburg:3,False
[CLS] Freetown:2 and [MASK] [MASK] [MASK] [MASK] [MASK] are twin cities . [SEP],St . Mary ' s,Makeni:2 | Makeni:2,False
[CLS] Holzwickede:3 and [MASK] [MASK] [MASK] are twin cities . [SEP],Holzwerde:3,Louviers:2 | Louviers:2,False
[CLS] Salamanca and [MASK] are twin cities . [SEP],Salamanca,Las Palmas de Gran Canaria | Las Palmas | Las Palmas de Gran Canaria,False
[CLS] Barcelona and [MASK] [MASK] are twin cities . [SEP],São Paulo,Seville:2 | Sevilla | Seville:2,False
[CLS] Venice and [MASK] are twin cities . [SEP],Venice,Yerevan:2 | Erevan:2 | Eriwan:3 | The Pink City | Yerevan:2,False
[CLS] Los Angeles and [MASK] [MASK] are twin cities . [SEP],Los Angeles,Mexico City | City of Mexico | Ciudad de México | Mexico City | Mexico D . F .,False
[CLS] Baden - Baden and [MASK] [MASK] [MASK] are twin cities . [SEP],Baden - Baden,Karlovy Vary:2 | Carlsbad:3 | Karlovy Vary:2 | Karlsbad:2,False
[CLS] Pegli:2 and [MASK] [MASK] are twin cities . [SEP],Pegli:2,Carloforte:2 | Carloforte:2,False
[CLS] Druskininkai:4 and [MASK] [MASK] [MASK] [MASK] are twin cities . [SEP],Druskininkai:4,Grodno:3 | Gardinas:2 | Garten | Grodne:2 | Grodno:3 | Horodne:2 | Hrodna:3 | Hurodno:3,False
[CLS] Szczecin and [MASK] are twin cities . [SEP],Szczecin,Murmansk:3 | Murmansk:3 | Muurmanni:4 | Romanow:2 - na - Murmane:2 | Му́рманск:5,False
[CLS] New Orleans and [MASK] [MASK] are twin cities . [SEP],New Orleans,Isola del Liri:2 | Isola del Liri:2,False
[CLS] Soissons:2 and [MASK] [MASK] are twin cities . [SEP],Soissons:2,Louiseville:2 | Louiseville:2,False
[CLS] Kars:2 and [MASK] [MASK] are twin cities . [SEP],Kars:2,Edirne:2 | Adrianople:2 | Edirne:2,False
[CLS] Tirilye:3 and [MASK] [MASK] [MASK] are twin cities . [SEP],Tirilye:3,Rafina:2 | Rafina:2,False
[CLS] Kelkheim:3 and [MASK] [MASK] [MASK] are twin cities . [SEP],Kelkheim:3,"High Wycombe:3 | Chepping:2 Wycombe:3 | Chipping:2 Wycombe:3 | High Wycombe:3 | High Wycombe:3 , Buckinghamshire:2 | Wycombe:3",False
[CLS] Tuzla:3 and [MASK] [MASK] [MASK] are twin cities . [SEP],Tuzla:3,Tuzla:3 | Tuzla:3,True
[CLS] Offenbach am Main and [MASK] [MASK] [MASK] are twin cities . [SEP],Offenbach am Main,Velletri:3 | Velletri:3,False
[CLS] Cayman:2 Islands and [MASK] [MASK] [MASK] are twin cities . [SEP],Cayman:2 Islands,"Miami - Dade:2 County | Dade:2 County | Dade:2 County , Florida | Miami - Dade:2 County | Miami - Dade:2 County , Florida",False
[CLS] London and [MASK] [MASK] [MASK] [MASK] are twin cities . [SEP],the City of London,Phnom:2 Penh:2 | Phnom:2 Penh:2,False
[CLS] Alexandria and [MASK] [MASK] are twin cities . [SEP],Alexandria Alexandria,Limassol:3 | Limassol:3,False
[CLS] Artvin:2 and [MASK] [MASK] are twin cities . [SEP],Artvin:2,Batumi:2 | Batum:2 | Batumi:2,False
[CLS] Wellingborough:3 and [MASK] [MASK] [MASK] are twin cities . [SEP],Wellingborough:3,Niort:2 | Niort:2,False
[CLS] Berwick:3 and [MASK] [MASK] [MASK] are twin cities . [SEP],Berwick:3,"Berwick:3 - upon - Tweed:2 | Berwick:3 upon Tweed:2 | Berwick:3 - upon - Tweed:2 | Berwick:3 - upon - Tweed:2 , Northumberland",False
[CLS] Kyiv:2 and [MASK] [MASK] are twin cities . [SEP],Kyiv:2,Saint Petersburg | Leningrad | Petersburg | Petrograd:2 | Saint Petersburg | Sankt - Peterburg:2 | St Petersburg | St . Petersburg,False
[CLS] Heihe:3 and [MASK] [MASK] [MASK] are twin cities . [SEP],Heihe:3,Blagoveshchensk:6 | Blagoveschensk:5 | Blagoveshchensk:6 | Hailanpao:4,False
[CLS] Sousse:2 and [MASK] [MASK] are twin cities . [SEP],Sousse:2,"Marrakesh:3 | Marrakech:3 | Marrakech:3 , Morocco | Marrakesh:3",False
[CLS] Oloron:2 - Sainte - Marie and [MASK] [MASK] are twin cities . [SEP],Niort:2,Jaca:2 | Jaca:2,False
[CLS] Buenos Aires and [MASK] [MASK] are twin cities . [SEP],Buenos Aires,Cape Town | Cape | Cape Town | Kaap | Kaapstad | iKapa:3,False
[CLS] Saint Petersburg and [MASK] [MASK] are twin cities . [SEP],Saint Petersburg,Kharkiv:4 | Kharkiv:4 | Kharkov:3,False
[CLS] Karlovy Vary:2 and [MASK] [MASK] [MASK] are twin cities . [SEP],Karlovy Vary:2,Omsk:2 | Omsk:2 | Омск:2,False
[CLS] Barcelona and [MASK] [MASK] are twin cities . [SEP],São Paulo,Varna:2 | Odesos:2 | Stalin | Varna:2,False
[CLS] Wizernes:3 and [MASK] [MASK] [MASK] are twin cities . [SEP],Wizernes:3,"Ensdorf:2 | Ensdorf:2 | Ensdorf:2 , Saarland:2",False
[CLS] Bourg - la - Reine and [MASK] [MASK] [MASK] [MASK] [MASK] are twin cities . [SEP],Bourg - la - Reine,Reghin:2 | Regen:2 | Reghin:2 | Reghinul:3 | Reghinul:3 Sashsisch:3 | Reghinul:3 Săshsisch:4 | Reghinul:3 - Sasesc:2 | Règen:3 | Sachs Reen:2 | Sachsisch:2 Regen:2 | Sachsisch:2 - Reen:2 | Szasz:3 Regen:2 | Szasz:3 Régen:3 | Szaszregen:5 | Szászrégen:5 | Sächs:3 Reen:2 | Sächsisch:4 - Reen:2 | Sächsisch:4 - Regen:2,False
[CLS] Lisbon and [MASK] [MASK] [MASK] are twin cities . [SEP],"Lisbon , Portugal",Rio de Janeiro | RJ | Rio | Rio de Janeiro | Rio de Janeiro city,False
[CLS] Copertino:3 and [MASK] [MASK] [MASK] are twin cities . [SEP],Copertino:3,Cupertino:3 | City of Cupertino:3 | Cupertino:3,False
[CLS] Makassar:2 and [MASK] [MASK] are twin cities . [SEP],Makassar:2,Samarinda:3 | Samarinda:3,False
[CLS] Sydney and [MASK] [MASK] [MASK] are twin cities . [SEP],New South Wales,"San Francisco | Baghdad by the Bay | City and County of San Francisco | Frisco:3 | Paris of the West | SF | SFO:2 | San Fran | San Francisco | San Francisco County | San Francisco County , California | San Francisco , California | The City by the Bay | The Golden City",False
[CLS] Pastrana:2 and [MASK] [MASK] are twin cities . [SEP],Pastrana:2,Eboli:3 | Eboli:3,False
[CLS] Folkestone:3 and [MASK] [MASK] [MASK] are twin cities . [SEP],Folkestone:3,Boulogne - sur - Mer | Boulogne - sur - Mer,False
[CLS] Manaus:2 and [MASK] [MASK] are twin cities . [SEP],Manaus:2,"Santo Domingo | Santo Domingo | Santo Domingo de Guzman:3 | Santo Domingo de Guzmán | Santo Domingo , Dominican Republic",False
[CLS] Tiraspol:3 and [MASK] [MASK] [MASK] are twin cities . [SEP],Tiraspol:3,Bălți:4 | Baltsy:3 | Bel ' tsi:2 | Bel ' tsy | Belts:2 ' | Beltsy:2 | Beltz:2 | Belz:2 | Belzy:2 | Bielce:3 | Bieltsi:3 | Byelcy:3 | Bălţi:5 | Bălți:4 | בלץ:3 ( מולדובה:3 ),False
[CLS] Jakarta and [MASK] [MASK] [MASK] are twin cities . [SEP],Jakarta Kota Kota,Kuala Lumpur | KL:2 | Kuala Lumpur,False
[CLS] Bonn and [MASK] are twin cities . [SEP],Bonn,Tel Aviv | Tel Aviv | Tel Aviv City | Tel Aviv Jaffa:2 | Tel Aviv - Jaffa:2 | Tel Aviv - Jafo:2 | Tel Aviv - Yafo:2 | Tel aviv:2 | Tel - Aviv | Tel - Aviv Jaffa:2 | Tel - aviv:2,False
[CLS] New Rochelle and [MASK] [MASK] are twin cities . [SEP],New York,La Rochelle | La Rochelle,False
[CLS] Delhi and [MASK] [MASK] are twin cities . [SEP],New Delhi,Kuala Lumpur | KL:2 | Kuala Lumpur,False
[CLS] Port Louis and [MASK] [MASK] [MASK] [MASK] [MASK] are twin cities . [SEP],Port Louis of the Sea,Saint - Malo | Aletum:2 | Reginca:3 | Saint - Malo,False
[CLS] Saint Petersburg and [MASK] [MASK] are twin cities . [SEP],Saint Petersburg,Mikkeli:3 | Mikkeli:3 | S : t Michel | Sankt Michel,False
[CLS] Istanbul and [MASK] [MASK] [MASK] are twin cities . [SEP],"Istanbul , Turkey",Jeddah:3 | Jeddah:3,False
[CLS] Jeddah:3 and [MASK] [MASK] [MASK] are twin cities . [SEP],Jeddah:3,Almaty:2 | Alma - Ata | Almaty:2 | Almatı:2 | Алматы,False
[CLS] Garmisch - Partenkirchen:2 and [MASK] [MASK] [MASK] [MASK] are twin cities . [SEP],Garmisch - Partenkirchen:2,Chamonix:3 - Mont - Blanc | Chamonix:3 | Chamonix:3 - Mont - Blanc,False
[CLS] Shimane:2 Prefecture and [MASK] [MASK] [MASK] [MASK] are twin cities . [SEP],Shizuoka:3 Prefecture,North Gyeongsang:4 Province | Gyeongbuk:4 | Gyeongsangbuk:5 - do | North Gyeongsang:4 Province,False
[CLS] Calgary and [MASK] [MASK] [MASK] are twin cities . [SEP],"Calgary , Alberta",Quebec City | 3rd Summit of the Americas | City of Quebec | City of Québec | Quebec | Quebec City | Québec | Ville de Quebec | Ville de Québec,False
[CLS] Banjul:2 and [MASK] [MASK] are twin cities . [SEP],Banjul:2,Bamako:3 | Bamako:3 | Grace a l ' artiste nigerien:2 prince bachir:3,False
[CLS] Oral and [MASK] are twin cities . [SEP],Oral,Orenburg:2 | Orenburg:2,False
[CLS] Ancona and [MASK] [MASK] [MASK] are twin cities . [SEP],Urbino . Urbino,Patras:2 | Patra:2 | Patrai:2 | Patras:2,False
[CLS] Saint - Malo and [MASK] [MASK] are twin cities . [SEP],San Marino,Port Louis | Port Louis,False
[CLS] Khujand:3 and [MASK] [MASK] are twin cities . [SEP],Sindh:2,Samarkand:3 | Samarcand:3 | Samarkand:3 | Samarqand:4,False
[CLS] Yerevan:2 and [MASK] [MASK] [MASK] are twin cities . [SEP],Yekaterin:3,Volgograd:3 | Stalingrad | Tsaritsyn:4 | Volgograd:3,False
[CLS] Morbegno:3 and [MASK] [MASK] [MASK] are twin cities . [SEP],Morbegno:3,Llanberis:4 | Llanberis:4,False
[CLS] Indianapolis and [MASK] are twin cities . [SEP],Indianapolis,Piran:2 | Piran:2,False
[CLS] Casablanca and [MASK] [MASK] are twin cities . [SEP],San Marino,Jeddah:3 | Jeddah:3,False
[CLS] Vawkavysk:5 and [MASK] [MASK] [MASK] [MASK] [MASK] are twin cities . [SEP],Vawkavysk:5,Siedlce:2 | Sedl:2 ' tse:2 | Sedlce:3 | Sedlets:3 | Shedlets:3 | Shedlits:3 | Shedlitz:3 | Siedlce:2,False
[CLS] Littau:3 and [MASK] [MASK] [MASK] are twin cities . [SEP],Littau:3,Litovel:3 | Litovel:3,False
[CLS] Gryfów:4 Śląski:3 and [MASK] [MASK] are twin cities . [SEP],Szczecin Szczecin,Gryfice:3 | Gryfice:3,False
[CLS] Stockholm and [MASK] [MASK] [MASK] are twin cities . [SEP],Säby:3,Addis Ababa:2 | Addis Ababa:2 | Addis Abeba:2 | Finfinne:3,False
[CLS] Montreal and [MASK] [MASK] are twin cities . [SEP],Quebec City,Algiers:2 | Alger | Algiers:2,False
[CLS] Klingenthal:3 and [MASK] [MASK] are twin cities . [SEP],Klingen:2,Kraslice:3 | Kraslice:3,False
[CLS] Cagliari and [MASK] are twin cities . [SEP],Cagliari,"Buenos Aires | Autonomous City of Buenos Aires | Buenos Aires | Buenos Aires , Argentina | Buenos Ayres:2",False
[CLS] Yalta:2 and [MASK] [MASK] are twin cities . [SEP],Yalta:2,Baden - Baden | Baden Baden | Baden - Baden,False
[CLS] Murrhardt:3 and [MASK] [MASK] [MASK] [MASK] [MASK] are twin cities . [SEP],Murrhardt:3 in Germany,"Frome:2 | Frome:2 | Frome:2 , Somerset",False
[CLS] Kaluga:3 and [MASK] [MASK] [MASK] are twin cities . [SEP],Kaluga:3,Smolensk:3 | Smolensk:3,False
[CLS] Vilnius and [MASK] [MASK] [MASK] are twin cities . [SEP],"Kaunas , Lithuania",Nur - Sultan | Akmola:3 | Astana | Nur - Sultan | Nursultan:3,False
[CLS] Nittenau:3 and [MASK] [MASK] [MASK] are twin cities . [SEP],Nittenau:3,Lake Zurich | Lake Zurich,False
[CLS] Toulouse and [MASK] are twin cities . [SEP],Toulouse,Tel Aviv | Tel Aviv | Tel Aviv City | Tel Aviv Jaffa:2 | Tel Aviv - Jaffa:2 | Tel Aviv - Jafo:2 | Tel Aviv - Yafo:2 | Tel aviv:2 | Tel - Aviv | Tel - Aviv Jaffa:2 | Tel - aviv:2,False
[CLS] Odessa and [MASK] are twin cities . [SEP],Odessa,Jeddah:3 | Jeddah:3,False
[CLS] Kidderminster:4 and [MASK] [MASK] [MASK] [MASK] are twin cities . [SEP],Kidderminster:4,Husum:2 | Husum:2 | Rödemis:4,False
