pid,relation,en,zh,fr,el,nl,ru,ko,es,mr,vi,he,tr,yo,ja,hu,bn,war,tl,sw,mg,pa,ilo,ceb
P19,place of birth,[X] was born in [Y] .,[X]的出生地是[Y]。,[X] est [né;X-Gender=MASC|née;X-Gender=FEM] [PREPLOC;Y] [Y] .,[DEF;X] [X.Nom] γεννήθηκε [PREPDEF;Y] [Y.Acc] .,[X] werd geboren in [Y] .,[X.Nom] [родился;X-Gender=MASC|родилась;X-Gender=FEM|родилось;X-Gender=NEUT] в [Y.Ess] .,[X]는 [Y]에서 태어났다.,[X] nació en [Y] .,[X]चा जन्म [Y] येथे झाला होता .,[X] sinh ra ở [Y] .,[X] [נולד;X-Gender=MASC|נולדה;X-Gender=FEM] ב[Y] .,[X] [Y.Loc] doğdu .,A bí [X] ní [Y] .,[X]は[Y]生まれである。,[X] [Y.IN+ESS] született .,[X.GEN] জন্ম হয়েছিল [Y.LOC] ।,Natawo hi [X] ha [Y] .,Ipinanganak si [X] sa [Y] .,[X] alizaliwa[Y] .,[X] dia teraka tao [Y] .,[X] ਦਾ ਜਨਮ [Y] ਵਿੱਚ ਹੋਇਆ ਸੀ,Naiyanak ni [X] idiay [Y] .,Natawo si [X] sa [Y] .
P20,place of death,[X] died in [Y] .,[X]的死亡地是[Y]。,[X] est [décédé;X-Gender=MASC|décédée;X-Gender=FEM] [PREPLOC;Y] [Y] .,[DEF;X] [X.Nom] πέθανε [PREPDEF;Y] [Y.Acc] .,[X] stierf in [Y] .,[X.Nom] [умер;X-Gender=MASC|умерла;X-Gender=FEM|умерло;X-Gender=NEUT] в [Y.Ess] .,[X]는 [Y]에서 죽었다.,[X] murió en [Y] .,[X]चा मृत्यू [Y] येथे झाला होता .,[X] mất ở [Y] .,[X] [נפטר;X-Gender=MASC|נפטרה;X-Gender=FEM] ב[Y] .,[X] [Y.Loc] öldü .,[X] kú ní [Y] .,[X]は[Y]で死んだ。,[X] [Y.IN+ESS] halt meg .,[X] মারা গিয়েছিল [Y.LOC] ।,Namatay hi [X] ha [Y] .,Namatay si [X] sa [Y] .,[X] alifariki [Y] .,[X] maty tao [Y] .,[X] ਦੀ ਮੌਤ [Y] ਵਿਚ ਹੋਈ ,Natay ni [X] idiay [Y] .,Namatay si [X] sa [Y] .
P279,subclass of,[X] is a subclass of [Y] .,[X]的父类是[Y]。,[X] est une sous-classe [PREPDEF;Y] [Y] .,[DEF;X] [X.Nom] είναι υποκατηγορία [DEF;Y] [Y.Gen] .,[X] is een subklasse van [Y] .,[X.Nom] — подкласс [Y.Gen] .,[X]는 [Y]에 속한다.,[X] es una subclase de [Y] .,[X] हा [Y]चा एक प्रकार आहे .,[X] là tập hợp con của [Y] .,[X] [הוא;X-Gender=MASC|היא;X-Gender=FEM] תת-סוג של [Y] .,[X] [Y.Gen] alt sınıfıdır .,[X] jẹ́ ìsọ̀rí kan nínú [Y] .,[X]は[Y]の下位概念である。,[X] alosztálya [Y.DAT] .,[X] [Y.LOC] একটি উপশ্রেণী ।,Ilarom han balaod han [X] and [Y] .,Ang [X] ay sakop ng [Y] .,[X] ni miongoni mwa jamii ya [Y],[X] dia sokajy [Y] .,[X] ਇਕ ਕਿਸਮ ਦਾ [Y] ਹੈ,Ti [X] ket sakop ti [Y] .,Ilawom sa balaod na [X] and [Y] .
P37,official language,The official language of [X] is [Y] .,[X]的官方语言是[Y]。,La langue officielle [PREPDEF;X] [X] est [ARTDEF;Y] [Y] .,Η επίσημη γλώσσα [DEF;X] [X.Gen] είναι τα [Y] .,De officiële taal van [X] is [Y] .,Официальный язык [X.Gen] — [Y.Nom] .,[X]의 공식 언어는 [Y]이다.,La lengua oficial de [X] es [Y] .,[X]ची राष्ट्र भाषा [Y] आहे .,Ngôn ngữ chính thức của [X] là [Y] .,השפה הרשמית של [X] היא [Y] .,[X.Gen] resmi dili [Y;be] .,Èdè iṣẹ́  [X] ni [Y] .,[X]の公用語は[Y]である。,[X] hivatalos nyelve a [Y] .,[X.GEN] অফিশিয়াল ভাষা [Y] ।,An opisyal na pulong/ yakan ni [X] kay [Y] .,Ang opisyal na lengguwahe ni [X] ay [Y] .,Lugha rasmi ya [X] ni [Y] .,Ny teny Oficialin`ny [X] dia [Y] .,[X] ਦੀ ਸਰਕਾਰੀ ਭਾਸ਼ਾ [Y] ਹੈ,Ti opisyal nga pagsasao ni [X] ket [Y] .,Ang opisyal na sinultian ni [X] kay [Y] .
P413,position played on team / speciality,[X] plays in [Y] position .,[X]的场上位置是[Y]。,[X] joue en position [PREPDEF;Y] [Y] .,[DEF;X] [X.Nom] παίζει στη θέση [DEF;Y] [Y.Gen] .,[X] speelt in [Y] positie .,[X.Nom] играет на позиции [Y.Gen] .,[X]는 [Y] 역할을 한다.,[X] juega en la posición de [Y] .,[X] [Y.LOC] स्थानावर खेळतो .,[X] chơi ở vị trí [Y] .,[X] [משחק;X-Gender=MASC|משחקת;X-Gender=FEM] בעמדת [Y] .,[X] [Y] pozisyonunda oynar .,[X] ń ṣeré ní ipò [Y] .,[X]のポジションは[Y]である。,[X] [Y] pozícióban játszik .,[X] [Y] পজিশনে খেলে ।,[Y] an posisyon ni [X] ha mulay/ uyag .,[Y] ang posisyon ni [X] sa laro .,[X] anahusika katika nafasi [Y].,[X] dia mitana ny laharana faha [Y] .,[X] [Y] ਥਾਂ ਤੇ ਖੇਡਦਾ ਹੈ,[Y] ni [X] iti ayayam .,Nagdula ug [Y] na posisyon si [X] .
P166,award received,[X] was awarded the [Y] .,[X]被授予[Y]。,[X] a reçu [ARTDEF;Y] [Y] .,[DEF;X] [X.Nom] βραβεύτηκε με [Y] .,[X] heeft de [Y] gekregen .,[X.Nom] [был;X-Gender=MASC|была;X-Gender=FEM|было;X-Gender=NEUT] [награждён;X-Gender=MASC|награждена;X-Gender=FEM|награждено;X-Gender=NEUT] [Y.Ins] .,[X]는 [Y] 상을 받았다.,[X] recibió [DEF;Y] [Y] .,[X]ला [Y] पुरस्कार देण्यात आला .,[X] được trao giải [Y] .,[X] [זכה;X-Gender=MASC|זכתה;X-Gender=FEM] בפרס [Y] .,[X] [Y] ile ödüllendirildi .,A fì [Y] dá [X] lọ́lá .,[X]は[Y]を受賞した。,[X] elnyerte a [Y.ACC] .,[X]কে [Y.LOC] পুরষ্কৃত করা হয়েছিল ।,Gintagan hin [Y] hi [X] .,Binigyan ng [Y] na rangal si [X] .,[X] alitunukiwa tuzo ya [Y] .,[X] dia nahavoaray ny  [Y] .,[X] ਨੂੰ [Y] ਪੁਰਸਕਾਰ ਮਿਲਿਆ,Naikkan ni [X] ti [Y] nga dammadayaw .,Gitagaan ug [Y] na rangal si [X] .
P449,original network,[X] was originally aired on [Y] .,[X]首播于[Y]。,[X] a été diffusé à l'origine sur [Y] .,[DEF;X] [X.Nom] προβλήθηκε αρχικά [PREPDEF;Y] [Y.Acc] .,[X] werd oorspronkelijk uitgezonden op [Y] .,""" [X.Nom] "" впервые [транслировался;X-Gender=MASC|транслировалась;X-Gender=FEM|транслировалось;X-Gender=NEUT] по [Y.Dat] .",[X]는 [Y]에서 방송되었다.,[X] fue emitido originalmente en [Y] .,[X.NOM] हा प्रामाणिकपणे [Y.LOC] प्रसारित केला गेला .,[X] được phát sóng lần đầu trên kênh [Y] .,[X] [שודר;X-Gender=MASC|שודרה;X-Gender=FEM] במקור ב[Y] .,[X] orijinal olarak [Y.Loc] yayınlandı .,Οrí [Y] ni a kọ́kọ́ gbọ [X] .,[X]は最初に[Y]で放送された。,[X] eredetileg [Y.ON+ESS] sugározták .,[X] মূলত প্রচারিত হয়েছিল [Y.LOC] ।,Nagtikang an [X bad] ha [Y] .,Sa [Y] unang pinalabas ang [X] .,[X] ilirushwa kwenye [Y] .,Ny fampisehoana [X] dia nilalao tao amin'ny fantsom-pahitalavitra [Y] fahitalavitra .,[X] ਨੂੰ ਪਹਿਲਾਂ [Y] ਤੇ ਪ੍ਰਸਾਰਿਤ ਕੀਤਾ ਗਿਆ ਸੀ,[Y] ti [X] pinagpisi ti niyog .,Gisugdan ug palabas ang [X] sa [Y] .
P69,educated at,[X] was educated at the University of [Y] .,[X]就读于[Y]。,[X] a fait ses études à [ARTDEF;Y] [Y] .,[DEF;X] [X.Nom] φοίτησε στο πανεπιστήμιο [DEF;Y] [Y.Gen] .,[X] is opgeleid aan de Universiteit van [Y] .,[X.Nom] [учился;X-Gender=MASC|училaсь;X-Gender=FEM|училось;X-Gender=NEUT] в [Y.Ess] .,[X]는 [Y] 대학교에서 교육 받았다.,[X] fue educado en la Universidad de [Y] .,[X]चे शिक्षण [Y] मध्ये झाले .,[X] được đào tạo tại trường đại học [Y] .,[X] [למד;X-Gender=MASC|למדה;X-Gender=FEM] ב[Y] .,[X] [Y] Üniversitesi'nde eğitim aldı .,A kọ́ [X] ní ẹ̀kọ́ ní ilé ẹ̀kọ́ gìga [Y] .,[X]は[Y]大学で学んだ。,[X] a [Y] egyetemen tanult .,[X] [Y.LOC] ইউনিভার্সিটিতে শিক্ষা গ্রহণ করেছিল ।,Nakahuman hin pag skwela hi [X] ha [Y] .,Nagtapos si [X] sa [Y] .,[X] alisomea katika chuo kikuu cha [Y] .,[X] dia nianatra teny amin´ny Anjerimanitolo tao [Y] .,[X] ਨੇ [Y] ਤੋਂ ਤਾਲੀਮ ਹਾਸਿਲ ਕੀਤੀ,Nagreduar ni [X] idiay [Y] .,Migradwar si [X] sa [Y] .
P47,shares border with,[X] shares border with [Y] .,[X]和[Y]接壤。,[ARTDEF;X] [X] partage la frontière avec [ARTDEF;Y] [Y] .,[DEF;X] [X.Nom] συνορεύει με [DEF;Y] [Y.Acc] .,[X] deelt grens met [Y] .,[X.Nom] граничит с [Y.Ins] .,[X]는 [Y]와 국경이 맞닿아 있다.,[X] comparte una frontera con [Y] .,[X] आणि [Y]ची सीमा एक आहे .,[X] tiếp giáp với [Y] .,[Х] [גובל;X-Gender=MASC|גובלת;X-Gender=FEM] ב[Y] .,[X] [Y] ile sınır paylaşır .,[X] pa ààlà pẹlu [Y] .,[X]は[Y]と隣接している。,[X] [Y.INST] határos .,[X.GEN] সীমানা [Y.LOC] সাথে ভাগাভাগি করা ।,Magkabahin an tubtuban han tuna ni [X] ngan [Y] .,Ibinahagi ni [X] ang hangganan kay [Y] .,[X] anapakana na [Y] .,[X] dia mizara sinsintany amin´ny [Y] .,[X] [Y] ਦੇ ਨਾਲ ਇਕ ਸਰਹੱਦ ਸਾਂਝੀ ਕਰਦਾ ਏ,Inbingayan ni [X] ni [Y] ti tawid .,Nakig ambit ug utlanan si [X] kay [Y] .
P138,named after,[X] is named after [Y] .,[X]是以[Y]命名的。,[ARTDEF;X] [X] est [nommé;X-Gender=MASC|nommée;X-Gender=FEM] d'après [ARTDEF;Y] [Y] .,[DEF;X] [X.Nom] πήρε το όνομά [DEF.Gen;X] από [DEF;Y] [Y.Acc] .,[X] is vernoemd naar [Y] .,[X.Nom] [назван;X-Gender=MASC|названа;X-Gender=FEM|названо;X-Gender=NEUT] в честь [Y.Gen] .,[X]는 [Y]에서 이름을 땄다.,[X] recibiò su nombre de [Y] .,[X]चे नाव [Y]च्या नावा वरून ठेवले आहे .,[X] được đặt theo tên của [Y] .,[X] [נקרא;X-Gender=MASC|נקראת;X-Gender=FEM] על שם [Y] .,[X] [Y.Gen] ismini aldı .,Orúkọ [Y] ni a fi pe [X] .,[X]は[Y]にちなんで名付けられた。,[X.ACC] [Y] után nevezték el .,[Y.GEN] নামে [X.GEN] নামকরণ করা হয়েছিল ।,Igin-ngaran hi [X] han iya [Y] .,Ipinangalan si [X] mula sa kanyang [Y] ., Jina la [X] lilitokana na [Y],[X] dia nomena anarana taorian´ny [Y] .,[X] ਦਾ ਨਾਂ [Y] ਤੇ ਉਤੇ ਰੱਖਿਆ ਗਯਾ ਏ,Ipinanagan ni [X] iti apo na nga [Y] .,Si [X] ginganlan gikan sa iyang [Y] .
P364,original language of film or TV show,The original language of [X] is [Y] .,[X]的创作语言是[Y]。,La langue d'origine de [X] est  [ARTDEF;Y] [Y] .,Η πρωτότυπη γλώσσα [DEF;X] [X.Gen] είναι τα [Y] .,De oorspronkelijke taal van [X] is [Y] .,"Язык оригинала "" [X.Gen] "" — [Y.Nom] .",[X]의 원본 언어는 [Y]이다.,El idioma original de [X] es [Y] .,[X]ची मूळ भाषा [Y] आहे .,Ngôn ngữ gốc của [X] là [Y] .,שפת המקור של [X] היא [Y] .,[X.Gen] orijinal dili [Y;be] .,Èdè [X] gangan ni [Y] .,[X]の元言語は[Y]である。,[X] eredeti nyelve [Y] .,[X.GEN] মূল ভাষা [Y] ।,An tinikangan nga pulong han [X] kay [Y] .,Ang orihinal na salita ng [X] ay [Y] .,Luga ya mama ya [X] ni [Y] .,Ny teny oficialin´ny [X] dia [Y] .,[X] ਅਸਲ ਵਿੱਚ  [Y] ਵਿੱਚ ਲਿਖਾ ਗਯਾ ਸੀ |,Ti orihinal na pagsasao ti [X] ket [Y] .,Ang orihinal na sinultian sa [X] kay [Y] .
P54,member of sports team,[X] plays with [Y] .,[X]的所属运动队是[Y]。,[X] joue avec [ARTDEF;Y] [Y] .,[DEF;X] [X.Nom] παίζει [PREPDEF;Y] [Y.Acc] .,[X] speelt met [Y] .,[X.Nom] играет за [Y.Acc] .,[X]는 [Y]에서 뛰고 있다.,[X] juega con [Y] .,[X] [Y] सोबत [खेळतो;X-Gender=MASC|खेळते;X-Gender=FEM] .,[X] thi đấu cho đội [Y] .,[X] [משחק;X-Gender=MASC|משחקת;X-Gender=FEM] ב[Y] .,[X] [Y] ile oynar .,[X] ń ṣeré pẹ̀lu [Y] .,[X]は[Y]のチーム所属である。,[X] [Y.IN+ESS] játszik .,[X] [Y.LOC] খেলে ।,Nag-uyag hi [X] hin [Y] .,Naglaro si [X] sa [Y] .,[X] anacheza na [Y] .,[X] milalao miaraka amin´i [Y] .,[X] [Y] ਨਾਲ ਖੇਡਦਾ ਹੈ,Nagayayam ni [X] iti [Y] .,Nagduwa si [X] alang sa [Y] .
P463,member of,[X] is a member of [Y] .,[X]是[Y]的成员。,[X] est membre de [ARTDEF;Y] [Y] .,[DEF;X] [X.Nom] είναι μέλος [DEF;Y] [Y.Gen] .,[X] is lid van [Y] .,[X.Nom] — участник [Y.Gen] .,[X]는 [Y] 소속이다.,[X] es [ART;X-Gender] [miembro;X-Gender=MASC|miembra;X-Gender=FEM] de [Y] .,[X] [Y]चा सभासद आहे .,[X] là thành viên của đội [Y] .,[X] [חבר;X-Gender=MASC|חברה;X-Gender=FEM] ב[Y] .,[X] [Y.Gen] bir üyesidir .,[X] jẹ́ ọmọ ẹgbẹ́ [Y] .,[X]は[Y]所属である。,[X] tagja a [Y.DAT] .,[X] [Y.GEN] একজন সদস্য ।,Membro hi [X] han [Y] .,Miyembro si [X] ng [Y] .,[X] ni mwanachama wa [Y] .,[X] dia mpikambana ao amin´ny [Y] .,[X] [Y] ਦਾ ਮੈਂਬਰ ਹੈ,Ni [X] iti [Y] .,Membro si [X] sa [Y] .
P101,field of work,[X] works in the field of [Y] .,[X]的工作领域是[Y]。,[X] travaille dans le domaine [PREPDEF;Y] [Y] .,[DEF;X] [X.Nom] ειδικεύεται στο πεδίο [DEF;Y] [Y.Gen] .,[X] werkt op het gebied van [Y] .,Область деятельности [X.Gen] — [Y.Nom] .,[X]는 [Y] 분야에 있다.,[X] trabaja en [Y] .,[X] [Y]च्या क्षेत्रात काम [करतो;X-Gender=MASC|करते;X-Gender=FEM] .,[X] làm việc trong lĩnh vực [Y] .,[X] [עובד;X-Gender=MASC|עובדת;X-Gender=FEM] בתחום [Y] .,[X] [Y] alanında çalışır .,[X] ń ṣíṣẹ́ ní àgbègbè [Y] .,[X]は[Y]を専門としている。,[X] a [Y] területén dolgozik .,[X] কাজ করে [Y] নিয়ে ।,Nagtrabaho hi [X] ha [Y] .,Nagtrabaho si [X] sa [Y] .,[X] Anafanya ya kazi kakita nyanja ya [Y] .,[X] miasa ao amin´ny tontonlon´ny [Y] .,[X] [Y] ਵਿੱਚ ਕੰਮ ਕਰਦਾ ਹੈ.,Nagubra ni [X] iti [Y] .,Nagtrabaho si [X] sa [Y] .
P1923,participating team,[Y] participated in the [X] .,[X]的参与队伍是[Y]。,[Y] a [participé;Y-Gender=MASC|participée;Y-Gender=FEM] [PREPDEF-à;X] [X] .,[DEF;Y] [Y.Nom] συμμετείχε [PREPDEF;X] [X.Acc] .,[Y] nam deel aan de [X] .,[Y.Nom] [принял;Y-Gender=MASC|приняла;Y-Gender=FEM|приняло;Y-Gender=NEUT] участие в [X.Ess] .,[Y]는 [X]에 참여했다.,[Y] participo en [X] .,[Y]ने [X] मध्ये सहभाग घेतला आहे .,[Y] tham dự giải [X] .,[Y] [משתתף;Y-Gender=MASC|משתתפת;Y-Gender=FEM] ב[X] .,[Y] [X.Acc] katıldı .,[Y] kópa nínú [X] .,[Y]は[X]に参加した。,[Y] részt vett a [X.ON+ESS] .,[Y] [X.LOC] অংশগ্রহণ করেছিল ।,Bulig hi [Y] ha [X] .,Kasali si [Y] sa [X] .,[Y] alishiriki katika [X].,[X] dia mandray anjara amin´ny [Y] .,[X] ਨੇ [Y] ਵਿੱਚ  ਹਿੱਸਾ ਲਿਆ.,Nairaman ni [Y] iti [X] .,Miapil si [Y] sa [X] .
P106,occupation,[X] is a [Y] by profession .,[X]的职业是[Y]。,[X] est [ARTIND;Y] [Y] de profession .,[DEF;X] [X.Nom] εργάζεται ως [Y] .,[X] is een [Y] van beroep .,[X.Nom] работает [Y.Ins] .,[X]는 [Y] 직업을 가지고 있다.,[X] es [ART;Y-Gender] [Y] de profesiòn .,[X] पेशाने ने [Y] आहे .,Nghề của [X] là [Y] .,[X] [עובד;X-Gender=MASC|עובדת;X-Gender=FEM] כ[Y] .,[X] meslek olarak [Y;be] .,[X] jẹ́ [Y] ni tí ìkọ́ṣẹ́mọṣẹ́ .,[X]の職業は[Y]である。,[X] szakmáját tekintve [Y] .,[X] পেশায় একজন [Y] ।,[Y] hi [X] .,Si [X] ay [Y] .,[X] ni [Y] kwa utaaluma .,Ny asan´i [X] dia [Y] .,[X] ਪੇਸ਼ੇ ਦੁਆਰਾ ਇੱਕ [Y] ਹੈ.,Ni [X] ket [Y] .,[Y] si [X] .
P527,has part,[X] consists of [Y] .,[X]子类是[Y]。,[X] se compose de [Y] .,[DEF;X] [X.Nom] αποτελείται από [Y.Acc] .,[X] bestaat uit [Y] .,[X.Nom] состоит из [Y.Gen] .,[X]는 [Y]로 이루어져 있다.,[X] consiste de [Y] .,[X] मध्ये [Y] आहे .,[X] bao gồm [Y] .,[X] [מכיל;X-Gender=MASC|מכילה;X-Gender=FEM] את [Y] .,[X] [Y.Abl] oluşur .,[Y] wà lára [X] .,[X]は[Y]からなる。,[X] [Y.IN+ABL] áll .,[X] [Y] নিয়ে গঠিত ।,Kabahin han [X] han [Y] .,Kasama sa [X] ang [Y] .,[X] inajumishwa [Y] .,[X] dia anisan´ny [Y] .,[Y] [X] ਦਾ ਹਿੱਸਾ ਹੈ,Mairaman iti [X] ti [Y] .,Kauban sa [X] ang [Y] .
P102,member of political party,[X] is a member of the [Y] political party .,[X]属于[Y]政党。,[X] est membre [PREPDEF;Y] [Y] .,[DEF;X] [X.Nom] είναι μέλος του [Y] κόμματος.,[X] is lid van de [Y] politieke partij .,[X.Nom] — член партии [Y.Nom] .,[X]는 [Y]의 당원이다.,[X] es [miembro;X-Gender=MASC|miembra;X-Gender=FEM] del partido [Y] .,[X] [Y] राजकीय पक्षाच्या सभासद आहे .,[X] là thành viên của [Y] .,[X] [הוא;X-Gender=MASC|היא;X-Gender=FEM] [חבר;X-Gender=MASC|חברה;X-Gender=FEM] מפלגת [Y] .,[X] [Y] partisinin üyesidir .,[X] jẹ́ ọmọ ẹgbẹ́ òṣèlú [Y] .,[X]は[Y]員である。,[X] tagja a [Y] politikai pártnak .,[X] রাজনৈতিক দল [Y.GEN] একজন সদস্য ।,Membro hi [X] han partido nga [Y] .,Miyembro si [X] sa partido ng [Y] .,[X] ni mwanachama wa chama cha siasa cha [Y]. ,[X] dia mpikambana amin´ny antoko politika [Y] .,[X] [Y] ਰਾਜਨੀਤਿਕ ਪਾਰਟੀ ਦਾ ਮੈਂਬਰ ਹੈ,Cameng ni [X] iti partido ti [Y] .,Miyembro si [X] sa partido nga [Y] .
P530,diplomatic relation,[X] maintains diplomatic relations with [Y] .,[X]与[Y]是邦交国。,[ARTDEF;X] [X] entretient des relations diplomatiques avec [ARTDEF;Y] [Y] .,[DEF;X] [X.Nom] διατηρεί διπλωματικές σχέσεις με [DEF;Y] [Y.Acc] .,[X] onderhoudt diplomatieke betrekkingen met [Y] .,[X.Nom] поддерживает дипломатические отношения с [Y.Ins] .,[X]는 [Y]와 외교 관계를 유지하고 있다.,[X] mantiene relaciones diplomaticas con [Y] .,[X] चे [Y] सोबत कूटनैतिक संबंध आहेत .,[X] có quan hệ ngoại giao với [Y] .,ל[X] יש יחסים דיפלומטיים עם [Y] .,[X] [Y] ile diplomatik ilişkiler sürdürmektedir .,[X] ní ìbáṣepọ̀ tí kò fàyègba ìjà pẹ̀lu [Y] .,[X]は[Y]と国交がある。,[X] diplomáciai kapcsolatot ápol [Y.INST] .,[X] [Y.GEN] সাথে কূটনৈতিক সম্পর্ক রয়েছে ।,Ang [X] nagpadayon ug maayong relasyon sa [Y] .,Ang [X] ay may magandang ugnayan sa [Y] . ,[X] anadumisha mahusiano ya kidiplomasia na [Y].,[X] dia manana fifandraisana diplomatika amin´i [Y] .,[X] [Y] ਨਾਲ ਕੂਟਨੀਤਕ ਸੰਬੰਧ ਕਾਇਮ ਰੱਖਦਾ ਹੈ.,Ti [X] ket adda napintas nga langen-langen na iti [Y] .,Ang [X] nagpadayon ug maayong relasyon sa [Y] .
P176,manufacturer,[X] is produced by [Y] .,[X]的生产商是[Y]。,[ARTDEF;X] [X] est produit par [Y] .,[DEF;X] [X.Nom] παράγεται από [DEF;Y] [Y.Acc] .,[X] wordt geproduceerd door [Y] .,[X.Nom] производится [Y.Ins] .,[X]는 [Y]에서 생산된다.,[X] es producido por [Y] .,[Y] [X]ला [बनवतो;X-Gender=MASC|बनवते;X-Gender=FEM] .,[X] được sản xuất bởi [Y] .,[X] [מיוצר;X-Gender=MASC|מיוצרת;X-Gender=FEM] על ידי [Y] .,[X] [Y] tarafından üretilir .,[Y] ni ó ṣẹ̀da [X] .,[X]は[Y]に生産されている。,[X.ACC] a [Y] gyártja .,[X] [Y] দ্বারা উৎপাদিত হয় ।,Nahimo hin [X] han [Y] .,Gumawa ng [X] ang [Y] .,[X] inatengenezwa na [Y].,[X] dia vokarin´ny [Y] .,[X] ਦਾ ਨਿਰਮਾਤਾ [Y] ਹੈ।,Nagaramid ti [X] ti [Y] .,[X] ang gihimo sa [Y] .
P27,country of citizenship,[X] is [Y] citizen .,[X]的国籍是[Y]。,[X] est citoyen [ARTDEF;Y] [Y] .,[DEF;X] [X.Nom] είναι [Y] πολίτης .,[X] is [Y] burger .,[X.Nom] — [гражданин;X-Gender=MASC|гражданка;X-Gender=FEM|гражданин;X-Gender=NEUT] [Y.Gen] .,[X]는 [Y]의 국민이다.,[X] es [ciudadano;X-Gender=MASC|ciudadana;X-Gender=FEM] de [Y] .,[X] [Y]चा नागरिक आहे .,[X] là công dân [Y] .,[X] [הוא;X-Gender=MASC|היא;X-Gender=FEM] [אזרח;X-Gender=MASC|אזרחית;X-Gender=FEM] [Y] .,[X] bir [Y] vatandaşıdır .,[X] jẹ́ ọmọ ìbílẹ̀ [Y] .,[X]は[Y]出身である。,[X] egy [Y] állampolgár .,[X] [Y.GEN] একজন নাগরিক ।,[Y] hi [X] .,Si [X] ay [Y] .,[X] ni raia wa [Y].,[X] dia olom-pirenana [Y] .,[X] [Y] ਦਾ ਨਾਗਰਿਕ ਹੈ.,Ni [X] ay [Y] .,Si [X] kay [Y] .
P407,language of work or name,[X] was written in [Y] .,[X]的语言是[Y]。,[X] a été [écrit;X-Gender=MASC|écrite;X-Gender=FEM] en [Y] .,[DEF;X] [X.Nom] γράφτηκε στα [Y] .,[X] is geschreven in [Y] .,""" [X.Nom] "" [написан;X-Gender=MASC|написана;X-Gender=FEM|написано;X-Gender=NEUT] на [Y.Ess] .",[X]는 [Y]로 쓰여졌다.,[X] fue escrito en [Y] .,[X]चे लिखाण [Y] मध्ये झाले .,[X] được viết bằng [Y] .,[X] [כתוב;X-Gender=MASC|כתובה;X-Gender=FEM] ב[Y] .,[X] [Y.Loc] yazıldı .,[Y] ni a fí kọ [X] .,[X]は[Y]で書かれている。,[X.ACC] [Y.IN+ESS] írták .,[X] [Y] কর্তৃক লিখিত ।,Iginsurat an [X] ha [Y] .,Naisulat ang [X] sa [Y] .,[X] iliyandikwa katika [Y].,[X] dia voasoratra amin´ny [Y] .,[X] ਵਿਚ ਲਿਖਿਆ ਗਿਯਾ ਸੀ [Y].,Naisurat ti [X] iti [Y] .,Nasuwat ang [X] sa [Y] .
P30,continent,[X] is located in [Y] .,[X]所属大洲是[Y]。,[X] est [situé;X-Gender=MASC|située;X-Gender=FEM] en [Y] .,[DEF;X] [X.Nom] [βρίσκεται;X-Number=SG|βρίσκονται;X-Number=PL] [PREPDEF;Y] [Y.Acc] .,[X] bevindt zich in [Y] .,[X.Nom] находится в [Y.Ess] .,[X]는 [Y]에 위치한다.,[X] està [localizado;X-Gender=MASC|localizada;X-Gender=FEM] en [Y] .,[X] [Y] मध्ये स्थित आहे .,[X] nằm ở [Y] .,[X] [ממוקם;X-Gender=MASC|ממוקמת;X-Gender=FEM] ב[Y] .,[X] [Y.Loc] bulunur .,Nínú [Y] ni [X] wà .,[X]は[Y]大陸にある。,[X] [Y.IN+ESS] található .,[X] [Y.LOC] অবস্থিত ।,Nahimumutang an [X] ha [Y] .,Ang [X] ay matatagpuan sa [Y] .,[X] ipo mahali [Y].,[X] dia ao [Y] .,[X] ਵਿੱਚ ਸਥਿਤ ਹੈ [Y].,Ti [X] ket masarakan idiay [Y] .,Ang [X] nahimutang sa [Y] .
P178,developer,[X] is developed by [Y] .,[X]是由[Y]开发的。,[X] est [développé;X-Gender=MASC|développée;X-Gender=FEM] par [Y] .,[DEF;X] [X.Nom] αναπτύσσεται από [DEF;Y.Fem] [Y.Acc] .,[X] is ontwikkeld door [Y] .,[X.Nom] [разработан;X-Gender=MASC|разработана;X-Gender=FEM|разработано;X-Gender=NEUT] [Y.Ins] .,[X]는 [Y]에 의해 개발되었다.,[X] està desarrollado en [Y] .,[Y]ने [X] विकसित केले .,[X] được phát triển bởi [Y] .,[X] [פותח;X-Gender=MASC|פותחה;X-Gender=FEM] על ידי [Y] .,[X] [Y] tarafından geliştirildi .,[Y] ni ó ṣe [X] .,[X]は[Y]によって開発されている。,[X.ACC] [Y] fejlesztette ki .,[X] [Y] দ্বারা প্রস্তুতকৃত ।,An [Y] an naghimo han [X] .,[Y] ang gumawa ng [X] .,[X] imetengenezwa na [Y].,[X] dia novolavolain´ny [Y] .,[X] ਨੂੰ [Y] ਦੁਆਰਾ ਵਿਕਸਤ ਕੀਤਾ ਗਿਆ ਹੈ.,[Y] ti nangaramid ti [X] .,Gihimo sa [Y] ang [X] .
P1376,capital of,[X] is the capital of [Y] .,[X]是[Y]的首府。,[X] est la capitale [PREPDEF;Y] [Y] .,[DEF;X] [X.Nom] είναι η πρωτεύουσα [DEF;Y] [Y.Gen] .,[X] is de hoofdstad van [Y] .,[X.Nom] — столица [Y.Gen] .,[X]는 [Y]의 수도이다.,[X] es la capital de [Y] .,[Y]ची राजधानी [X] आहे .,[X] là thủ đô của [Y] .,[X] היא בירת [Y] .,[X] [Y.Gen] başkentidir .,[X] ni olú-ìlu [Y] .,[X]は[Y]の首都である。,[Y] fővárosa [X] .,[Y.GEN] রাজধানী [X] ।,[X] an kapital han [Y] . ,[X] ang kapital ng [Y] .,[X] ni mji mkuu wa [Y].,[X] no renivohitr´i [Y] .,[X] [Y] ਦੀ ਰਾਜਧਾਨੀ ਹੈ.,[X] ti kapital ti [Y] .,Ang [X] mao ang kapital sa [Y] .
P131,located in the administrative territorial entity,[X] is located in [Y] .,[X]的行政区是[Y]。,[X] est [situé;X-Gender=MASC|située;X-Gender=FEM] [PREPLOC;Y] [Y] .,[DEF;X] [X.Nom] [βρίσκεται;X-Number=SG|βρίσκονται;X-Number=PL] [PREPDEF;Y] [Y.Acc] .,[X] bevindt zich in [Y] .,[X.Nom] находится в [Y.Ess] .,[X]는 [Y]에 있다.,[X] està [localizado;X-Gender=MASC|localizada;X-Gender=FEM] en [Y] .,[X] [Y] मध्ये स्थित आहे .,[X] nằm trong khu vực quản lý hành chính của [Y] .,[X] [נמצא;X-Gender=MASC|נמצאת;X-Gender=FEM] ב[Y] .,[X] [Y.Loc] bulunur .,Nínú [Y] ni [X] wà .,[X]の所在地は[Y]である。,[X] [Y.IN+ESS] helyezkedik el .,[X] [Y.LOC] অবস্থিত ।,An [X] nahimutang ha [Y] .,Nahimutang ang [X] sa [Y] .,[X] inapatikana katika [Y].,[X] dia hita ao amin´ny [Y] .,[X] [Y] ਵਿਚ ਸਥਿਤ ਹੈ,Naitakder ti [X] idiay [Y] .,Nahimutang ang [X] sa [Y] .
P1412,"languages spoken, written or signed",[X] used to communicate in [Y] .,[X]的语言是[Y]。,[X] communiquait en [Y] .,[DEF;X] [X.Nom] μιλούσε [Y] .,[X] communiceerde vroeger in [Y] .,[X.Nom] [говорил;X-Gender=MASC|говорила;X-Gender=FEM|говорило;X-Gender=NEUT] на [Y.Ess] .,[X]는 [Y]로 소통했다.,[X] hablaba [Y] .,[X] [Y] मध्ये लिहायचे .,[X] thường giao tiếp bằng [Y] .,[X] [דיבר;X-Gender=MASC|דיברה;X-Gender=FEM] [Y] .,[X] [Y] dilinde iletişim kurardı .,[X] màà ń sọ̀rọ̀ ní [Y] .,[Y]では[X]が話されている。,[X] [Y] kommunikál .,[X] [Y.GEN] যোগাযোগ করত ।,Hi-ara magyakan hin [Y] hi [X] .,Sanay si [X] makigpag-usap sa [Y] .,[X] alikuwa anawasiliana katika [Y].,[X] dia miteny amin`ny [Y] .,[X] ਦਾ ੳਪਯੋਗ [Y] ਵਿਚ ਸੰਚਾਰ ਕਰਨ ਲਈ ਵਰਤਿਆ ਜਾਂਦਾ ਹੈ,Naraum ni [X] makisarita kadaguiti [Y] .,Naanad si [X] makig istorya ug [Y] .
P108,employer,[X] works for [Y] .,[X]的雇主是[Y]。,[X] travaille pour [Y] .,[DEF;X] [X.Nom] δουλεύει [PREPDEF;Y] [Y.Acc] .,[X] werkt voor [Y] .,[X.Nom] [работал;X-Gender=MASC|работала;X-Gender=FEM|работало;X-Gender=NEUT] на [Y.Acc] .,[X]는 [Y]에서 일한다.,[X] trabaja para [Y] .,[X] [Y] साठी काम [करतो;X-Gender=MASC|करते;X-Gender=FEM] .,[X] làm việc cho [Y] .,[X] [עובד;X-Gender=MASC|עובדת;X-Gender=FEM] אצל [Y] .,[X] [Y] için çalışır .,[X] ń ṣiṣẹ́ fuń [Y] .,[X]は[Y]で働いている。,[X] [Y.DAT] dolgozik .,[X] [Y.GEN] জন্য কাজ করে ।,Natrbaho hi [X] ha [Y] .,Nagtrabaho si [X] sa [Y] .,[X] anafanyakazi kwa [Y].,[X] dia miasa ho an`i [Y] .,[X] [Y] ਲਈ ਕੰਮ ਕਰਦਾ ਹੈ.,Nagubra ni [X] iti [Y] .,Nagtrabaho si [X] sa [Y] .
P136,genre,[X] plays [Y] music .,[X]的艺术流派是[Y]。,[X] fait de la musique [Y] .,[DEF;X] [X.Nom] παίζει [Y] μουσική .,[X] speelt [Y] muziek .,[X.Nom] работает в жанре [Y.Gen] .,[X]는 [Y] 음악을 연주한다.,[X] [toca;X-Number=SG|tocan;X-Number=PL] musica de [Y] .,[X] [Y] संगीत [वाजवतो;X-Gender=MASC|वाजवते;X-Gender=FEM] .,[X] chơi nhạc [Y] .,[X] [עובד;X-Gender=MASC|עובדת;X-Gender=FEM] בז'אנר [Y] .,[X] [Y] müzik yapar .,[X] ń kọ orin [Y] .,[X]のジャンルは[Y]である。,[X] [Y] zenét játszik .,[X] [Y] সংগীত চর্চা করে ।,Nagpatukar hi [X] han [Y] .,Tumutugtog si [X] ng [Y] .,[X] anacheza muziki [Y].,[X] dia mitendry [Y] mozika,[X] [Y] ਸੰਗੀਤ ਵਜਾਉਂਦਾ ਹੈ.,Agtoctocar ni [X] ti [Y] .,Gipatugtog ni [X] ang [Y] .
P17,country,[X] is located in [Y] .,[X]的主权国家是[Y]。,[X] est [situé;X-Gender=MASC|située;X-Gender=FEM] [PREPLOC;Y] [Y] .,[DEF;X] [X.Nom] [βρίσκεται;X-Number=SG|βρίσκονται;X-Number=PL] [PREPDEF;Y] [Y.Acc] .,[X] bevindt zich in [Y] .,[X.Nom] находится в [Y.Ess] .,[X]는 [Y]에 있다.,[X] està [localizado;X-Gender=MASC|localizada;X-Gender=FEM] en [Y] .,[X] [Y] मध्ये स्थितित आहे .,[X] nằm ở [Y] .,[X] [נמצא;X-Gender=MASC|נמצאת;X-Gender=FEM] ב[Y] .,[X] [Y.Loc] bulunur .,Nínú [Y] ni [X] wà .,[X]は[Y]に位置する。,[X] [Y.IN+ESS] található .,[X] [Y.LOC] অবস্থিত ।,Nahimumutang an [X] ha [Y] .,Matatagpuan ang [X] sa [Y] .,[X] Ina patikana katika jamhuri ya [Y].,[X] dia ao [Y] .,[X] [Y] ਵਿਚ ਸਥਿਤ ਹੈ,Makita ti [X] idiay [Y] .,Nahimutang ang [X] sa [Y] .
P39,position held,[X] has the position of [Y] .,[X]的职位是[Y]。,[X] est [Y],[DEF;X] [X.Nom] έχει τη θέση [DEF;Y] [Y.Gen] .,[X] heeft de positie van [Y] .,[X.Nom] занимает должность [Y.Gen] .,[X]는 [Y] 위치에 있다.,[X] tiene la posiciòn de [Y] .,[X] [Y]च्या जागेवर आहे .,[X] giữ chức vụ [Y] .,[X] [נמצא;X-Gender=MASC|נמצאת;X-Gender=FEM] בתפקיד של [Y] .,[X] [Y] pozisyonuna sahiptir .,[X] ní ipò [Y] .,[X]は[Y]に就いている。,[X.DAT] [Y] az álláspontja .,[X] দ্বারা [Y] পদটি অধিগৃহীত ।,Si [X] an [Y] .,Si [X] ang [Y] .,[X] Anahuduma katika cheo cha [Y].,[X] dia mitoetra ao [Y] .,[X] ਕੋਲ [Y] ਦੀ ਪੋਸਟ ਹੈ,Ni [X] ti [Y] .,Si [X] ang [Y] .
P264,record label,[X] is represented by music label [Y] .,[X]的唱片厂商是[Y]。,[X] est [représenté;X-Gender=MASC|représentée;X-Gender=FEM] par le label musical [Y] .,[DEF;X] [X.Nom] αντιπροσωπεύεται από τη μουσική ετικέτα [DEF;Y] [Y.Gen] .,[X] wordt weergegeven door muzieklabel [Y] .,[X.Nom] сотрудничает с лейблом [Y.Nom] .,[X]는 [Y]에 소속되어 있다.,[X] [està;X-Number=SG|estan;X-Number=PL] [representado;X-Gender=MASC|representada;X-Gender=FEM|representados;X-Number=PL] por el sello musical [Y] .,[X]चे संगीत [Y]च्या नावाने आहे .,[X] là ca sĩ của hãng thu âm [Y] .,[X] [עובד;X-Gender=MASC|עובדת;X-Gender=FEM] עם חברת תקליטים [Y] .,[X] [Y] müzik şirketi tarafından temsil edilir .,Ami orin [Y] ni ó dúró fuń [X] .,[X]のレコード会社は[Y]である。,[X.ACC] [Y] zenei kiadó képviseli . ,[X.GEN] প্রতিনিধিত্ব করে [Y] মিউজিক লেবেল ।,Iginrepresentahan hi [X] han [Y] .,Si [X] ay kinakatawan ng [Y] .,[X] inawakilishwa na nembo ya mziki [Y].,[X] dia vokarin`ny [Y] .,[X] [Y] ਨਾਲ ਜੁੜਿਆ ਹੋਇਆ ਹੈ,Ni [X] may sa nga miyembro ti [Y] .,Si [X] girepresentahan sa [Y] .
P276,location,[X] is located in [Y] .,[X]位于[Y]。,[X] est [situé;X-Gender=MASC|située;X-Gender=FEM] [PREPLOC;Y] [Y] .,[DEF;X] [X.Nom] [βρίσκεται;X-Number=SG|βρίσκονται;X-Number=PL] [PREPDEF;Y] [Y.Acc] .,[X] bevindt zich in [Y] .,[X.Nom] находится в [Y.Ess] .,[X]는 [Y]에 위치한다.,[X] està [localizado;X-Gender=MASC|localizada;X-Gender=FEM] en [Y] .,[X] [Y] मध्ये स्थितित आहे .,[X] nằm trong [Y] .,[X] [נמצא;X-Gender=MASC|נמצאת;X-Gender=FEM] ב[Y] .,[X] [Y.Loc] bulunur .,Nínú [Y] ni [X] wà .,[X]の所在地は[Y]である。,[X] [Y.IN+ESS] található .,[X] [Y.LOC] অবস্থিত ।,Nahimumutang an [X] ha [Y] .,Makikita ang [X] sa [Y] .,[X] inapatikana (mtaa wa) [Y].,[X] dia ao [Y] .,[X] [Y] ਵਿੱਚ ਸਥਿਤ ਹੈ,Makitkita ti [X] iti [Y] .,Makit an ang [X] sa [Y] .
P937,work location,[X] used to work in [Y] .,[X]的工作地点是[Y]。,[X] travaillait auparavant [PREPDEF-à;Y] [Y] .,[DEF;X] [X.Nom] δούλευε [PREPDEF;Y] [Y.Acc] .,[X] werkte vroeger in [Y] .,[X.Nom] [работал;X-Gender=MASC|работала;X-Gender=FEM|работало;X-Gender=NEUT] в [Y.Ess] .,[X]는 [Y]에서 일했었다.,[X] trabajaba en [Y] .,[X] [Y] मध्ये काम करत [होता;X-Gender=MASC|होती;X-Gender=FEM] .,[X] từng làm việc ở [Y] .,[X] [עבד;X-Gender=MASC|עבדה;X-Gender=FEM] ב[Y] .,[X] [Y.Loc] çalışırdı .,[X] máa ń ṣiṣẹ́ nínú [Y] .,[X]は以前[Y]で働いていた。,[X] [Y.IN+ESS] dolgozott .,[X] [Y.LOC] কাজ করত ।,Hadto natrabaho ni [X] ha [Y] .,Nagtrabaho dati si [X] sa [Y] .,[X] alikuwa anafanya kazi katika [Y].,[X] dia misa ao [Y] .,[X] [Y] ਵਿਚ ਕੰਮ ਕਰਦਾ ਸੀ.,Nagubra ni [X] idi iti [Y] .,Nagtrabaho niari si [X] sa [Y] .
P140,religion,[X] is affiliated with the [Y] religion .,[X]的宗教信仰是[Y]。,[X] est [affilié;X-Gender=MASC|affiliée;X-Gender=FEM] [PREPDEF-à;Y] [Y] .,Το θρήσκευμα [DEF;X] [X.Gen] είναι [Y] .,[X] is verbonden met de [Y] religie .,[X.Nom] исповедует [Y.Acc] .,[X]는 [Y]를 믿는다.,[X] està [afilado;X-Gender=MASC|afilada;X-Gender=FEM] con la religiòn [Y] .,[X]च [Y] धर्माशी संलग्न आहे .,[X] là hội viên của [Y] .,[X] [הוא;X-Gender=MASC|היא;X-Gender=FEM] [Y] .,[X] [Y] dinine mensuptur .,[X] ní ìbáṣepọ̀ pẹ̀lu ẹ̀sìn [Y] .,[X]は[Y]教徒である。,[X] kapcsolatban áll a [Y] vallással .,[X.GEN] ধর্ম [Y] ।,Si [X] kay [Y] .,Si [X] ay [Y] .,Dini ya [X] ni [Y].,Ny finoan´i [X] dia [Y] .,[X] [Y] ਧਰਮ ਨਾਲ ਜੁੜਿਆ ਹੋਇਆ ਹੈ.,Ni [X] ket [Y] .,Si [X] kay [Y] . 
P1303,instrument,[X] plays [Y] .,[X]演奏[Y]。,[X] joue [PREPDEF;Y] [Y] .,[DEF;X] [X.Nom] παίζει [Y.Acc] .,[X] speelt [Y] .,[X.Nom] играет на [Y.Ess] .,[X]는 [Y]를 연주한다.,[X] [toca;X-Number=SG|tocan;X-Number=PL] [DEF;Y] [Y] .,[X] [Y] [वाजवतो;X-Gender=MASC|वाजवते;X-Gender=FEM] .,[X] chơi [Y] .,[X] [מנגן;X-Gender=MASC|מנגנת;X-Gender=FEM] ב[Y] .,[X] [Y] çalar .,[X] ń tẹ [Y] .,[X]は[Y]を演奏する。,[X] [Y.ON+ESS] játszik .,[X] [Y] বাজায় ।,Maaram mag [Y] hi [X] .,Tumutugtog ng [Y] si [X] .,[X] anacheza [Y].,[X] dia milalao [Y] .,[X] [Y] ਵਜਾਉਂਦਾ ਹੈ,Nagtocar ni [X] iti [Y] .,Kantigo [Y] si [X] .
P127,owned by,[X] is owned by [Y] .,[X]归[Y]所有。,[X] appartient [PREPDEF-à;Y] [Y] .,[DEF;X] [X.Nom] ανήκει [PREPDEF;Y] [Y.Acc] .,[X] is eigendom van [Y] .,[X.Nom] принадлежит [Y.Dat] .,[Y]는 [X]를 가지고 있다.,El [dueño;Y-Gender=MASC|dueña;Y-Gender=FEM] de [X] es [Y] .,[Y]चा [X]वर मालकी हक्क आहे .,[Y] sở hữu [X] .,[X] [שייך;X-Gender=MASC|שייכת;X-Gender=FEM] ל[Y] .,[X] [Y.Dat] aittir .,[Y] ni ó ni [X] .,[X]は[Y]に所有されている。,[X] [Y] tulajdonában van .,[X] [Y.GEN] মালিকানাধীন ।,Tag-iya han [X] hi [Y] .,Ang [X] ay pagmamay-ari ni [Y] .,[X] inamilikiwa na [Y].,[X] dia hoentin´i [Y] .,[X] [Y] ਦਾ ਮਾਲਿਕ ਹੈ,Ti [X] ket kukua ni [Y] .,Ang [X] gipanag iya ni [Y] .
P103,native language,The native language of [X] is [Y] .,[X]的母语是[Y]。,La langue maternelle de [X] est [ARTDEF;Y] [Y] .,Η μητρική γλώσσα [DEF;X] [X.Gen] είναι τα [Y.Acc] .,De moedertaal van [X] is [Y] .,Родной язык [X.Gen] — [Y.Nom] .,[X]의 모국어는 [Y]이다.,El idioma nativo de [X] es [Y] .,[X]ची मूळ भाषा [Y] आहे .,[Y] là ngôn ngữ bản địa của [X] .,שפת אם של [X] היא [Y] .,[X.Gen] anadili [Y;be] .,Èdè abínibí [X] ni [Y] .,[X]は[Y]話者である。,[X] anyanyelve [Y] .,[X.LOC] স্থানীয় ভাষা [Y] ।,An pinulongan ni [X] kay [Y] .,Ang katutubong wika ni [X] ay [Y] .,Lugha ya asili ya [X] ni [Y].,Ny tenin-drazan´i [X] dia [Y] .,[X] ਦੀ ਮੂਲ ਭਾਸ਼ਾ [Y] ਹੈ,Ti pagsasao ni [X] ket [Y] .,Ang lumad na sinultian ni [X] kay [Y] .
P190,twinned administrative body,[X] and [Y] are twin cities .,[X]与[Y]是友好城市。,[X] et [Y] sont des villes jumelles .,[DEF;X] [X.Nom] και [DEF;Y] [Y.Nom] είναι αδελφοποιημένες πόλεις .,[X] en [Y] zijn tweelingsteden .,[X.Nom] и [Y.Nom] — города-побратимы .,[X]와 [Y]는 자매 도시이다.,[X] y [Y] son ciudades gemelas.,[X] आणि [Y] जोडशहर आहेत .,[X] là thành phố kết nghĩa của [Y] .,[X] ו[Y] הן ערים תאומות .,[X] ve [Y] ikiz şehirlerdir .,[X] àti [Y] jẹ́ ìlu méjì tí ó wà lẹ̀gbẹ́ ara wọn .,[X]と[Y]は姉妹都市である。,[X] és [Y] testvérvárosok .,[X] এবং [Y] যমজ দুই শহর ।,Magkaruha an [X] ngan [Y] na siyudad.,Kambal na lungsod ang [X] at [Y] .,[X] na [Y] ni miji pacha.,[X] sy  [Y] dia Firenena mirahavavy .,[X] ਅਤੇ [Y] ਜੁੜਵੇਂ ਸ਼ਹਿਰ ਹਨ.,Singin nga ili ti [X] at [Y] .,Magkaluha ang [X] ug [Y] nga lungsod .
P1001,applies to jurisdiction,[X] is a legal term in [Y] .,[X]的管辖范围是[Y]。,[ARTDEF;X] [X] gouverne [ARTDEF;Y] [Y] .,[DEF;X] [X.Nom] είναι ένας νομικός όρος [PREPDEF;Y] [Y.Acc] .,[X] is een wettelijke term in [Y] .,Юрисдикция [X.Gen] распространяется на [Y.Acc] .,[X]는 [Y]에서 법적 효력을 가진다.,[X] es un tema legal de [Y] .,[X] हे [Y]मधील कायदेशीर पद आहे .,[X] là một thuật ngữ pháp lý trong [Y] .,תחום השיפוט של [X] הוא [Y] .,[X] [Y.Loc] bir yasal şarttır .,[X] jẹ́ ọ̀rọ̀ òfin nínú [Y] .,[X]は[Y]に属する。,[X] joghatósággal rendelkezik [Y] felett .,[Y.GEN] ক্ষেত্রে [X] একটি আইনী শব্দ ।,An [X] an mayda kontrol ha [Y] na desisyon .,Ang [X] ang may kontrol sa lahat ng [Y] na desisyon .,[X] ni neno la kisheria/(neno halali) katika [Y].,[X] no lalána mifehy ny [Y] .,[X] [Y] ਵਿਚ ਇਕ ਕਾਨੂੰਨੀ ਸ਼ਬਦ ਹੈ .,Ti [X] ti akin iggem ti amin nga [Y] na desisyon .,Ang [X] ang may kontrol sa tanang [Y] na desisyon .
P31,instance of,[X] is a [Y] .,[X]属于[Y]。,[ARTDEF;X] [X] est un [ARTIND;Y] [Y] .,[DEF;X] [X.Nom] είναι [INDEF;Y] [Y.Acc] .,[X] is een [Y] .,[X.Nom] — [Y.Nom] .,[X]는 [Y]이다.,[X] es un ejemplo de [ART;Y-Gender] [Y] .,[X] एक [Y] आहे .,[X] là một [Y] .,[X] [הוא;X-Gender=MASC|היא;X-Gender=FEM] [Y] .,[X] bir [Y;be] .,[X] jẹ́ [Y] kan .,[X]は[Y]である。,[X] egy [Y] .,[X] [human: একজন ; non-human: একটি] [Y] ।,[Y] hi [X] .,[Y] si [X] .,[X] ni [Y].,[Y] dia [Y] .,[X] ਇਕ [Y] ਹੈ.,Ni [X] ket [Y] .,[X] ay [Y] .
P495,country of origin,[X] was created in [Y] .,[X]的原产地是[Y]。,[X] a été créé [PREPLOC;Y] [Y] .,[DEF;X] [X.Nom] [δημιουργήθηκε;X-Number=SG|δημουργήθηκαν;X-Number=PL] [PREPDEF;Y] [Y.Acc] .,[X] is gemaakt in [Y] .,[X.Nom] [был;X-Gender=MASC|была;X-Gender=FEM|было;X-Gender=NEUT] [создан;X-Gender=MASC|создана;X-Gender=FEM|создано;X-Gender=NEUT] в [Y.Ess] .,[X]는 [Y]에서 만들어졌다.,[X] fue [creado;X-Gender=MASC|creada;X-Gender=FEM] en [Y] .,[X]चे मूळ [Y] मध्ये आहे .,[X] được tạo ra ở [Y] .,[X] [נוצר;X-Gender=MASC|נוצרה;X-Gender=FEM] ב[Y] .,[X] [Y.Loc] yaratıldı .,A dá [X] nínú [Y] .,[X]は[Y]で作られた。,[X.ACC] [Y.IN+ESS] készítették .,[X] [Y.GEN] তৈরী ।,Tikang ha [Y] an [X] .,Galing sa [Y] ang [X] .,[X] iliundwa katika [Y].,[X] dia voavoatra tao [Y] .,[X] ਨੂੰ [Y] ਵਿੱਚ ਬਣਾਇਆ ਗਿਆ ਸੀ.,Naggapo iti [Y] ti [X] .,Gikan sa [Y] and [X] .
P159,headquarters location,The headquarter of [X] is in [Y] .,[X]的总部位于[Y]。,Le siège social [PREPDEF;X] [X] est en [PREPLOC;Y] [Y] .,Η έδρα [DEF;X] [X.Gen] είναι [PREPDEF;Y] [Y.Acc] .,Het hoofdkantoor van [X] staat in [Y] .,Штаб-квартира [X.Gen] находится в [Y.Ess] .,[X]의 본사는 [Y]에 있다.,La sede de [X] està en [Y] .,[X]चे मुख्यालय [Y] मध्ये आहे .,Trụ sở của [X] được đặt ở [Y] .,המטה של [X] נמצא ב[Y] .,[X.Gen] karargahı [Y.Loc] .,Olú ilé-iṣé [X] wà ní [Y] .,[X]の本社は[Y]にある。,[X] központja [Y.IN+ESS] található .,[X.GEN] প্রধান কার্যালয় [Y.LOC] ।,An sentro nga opisina han [X] ada ha [Y] .,Ang punong tanggapan ng [X] ay nasa [Y] .,makao mkuu ya [X] ni [Y].,Ny foiben´ny [X] dia [Y] .,[X] ਦਾ ਮੁੱਖ ਦਫਤਰ [Y] ਵਿਚ ਹੈ.,Ti opisina ti [X] ket idiay [Y].  ,Ang sentro opisina sa [X] kay naa sa [Y] . 
P36,capital,The capital of [X] is [Y] .,[X]的行政中心是[Y]。,La capitale [PREPDEF;X] [X] est [Y] .,[DEF;Y] [Y.Nom] είναι η πρωτεύουσα [DEF;X] [X.Gen] .,De hoofdstad van [X] is [Y] .,Столица [X.Gen] — [Y.Nom] .,[X]의 수도는 [Y]이다.,La capital de [X] es [Y] .,[X]ची राजधानी [Y] आहे .,Thủ đô của [X] là [Y] .,בירת [X] היא [Y] .,[X.Gen] başkenti [Y;be] .,Olú-ìlu [X] ni [Y] jẹ́ .,[X]の首都は[Y]である。,[X] fővárosa [Y] .,[Y.GEN] রাজধানী [X] ।,[Y] an kapital han [X] .,[Y] ang kapital ng [X] ., mji mkuu wa [X] ni [Y].,Ny renivohitry [X] dia [Y] .,[X] ਦੀ ਰਾਜਧਾਨੀ [Y] ਹੈ.,[Y] ti kapital ti [X] .,[Y] ang kapital sa [X] .
P740,location of formation,[X] was founded in [Y] .,[X]成立于[Y]。,[ARTDEF;X] [X] a été fondée [PREPLOC;Y] [Y] .,[DEF;X] [X.Nom] [ιδρύθηκε;X-Number=SG|ιδρύθηκαν;X-Number=PL] [PREPDEF;Y] [Y.Acc] .,[X] is opgericht in [Y] .,[X.Nom] [образовалась;X-Gender=MASC|образовалась;X-Gender=FEM|образовалось;X-Gender=NEUT] в [Y.Ess] .,[X]는 [Y]에서 창립되었다.,[X] fue [fundado;X-Gender=MASC|fundada;X-Gender=FEM] en [Y] .,[X]ची स्थापना [Y] मध्ये झाली .,[X] được thành lập ở [Y] .,[X] [נוסד;X-Gender=MASC|נוסדה;X-Gender=FEM] ב[Y] .,[X] [Y.Loc] kuruldu .,A dá [X] sílẹ̀ nínú [Y] .,[X]は[Y]で結成された。,[X.ACC] [Y.IN+ESS] alapították .,[X] [Y.LOC] স্থাপিত ।,Natindog an [X] ha [Y] .,Gitukod ang [X] sa [Y] .,[X] ilianzishwa/ilipatikana katika [Y].,[X] dia voavoatra tao [Y] .,[X] ਦੀ ਸਥਾਪਨਾ [Y] ਵਿੱਚ ਕੀਤੀ ਗਈ ਸੀ.,Imbaclay ti [X] idiay [Y] .,Gitukod ang [X] sa [Y] .
P361,part of,[X] is part of [Y] .,[X]构成[Y]。,[ARTDEF;X] [X] fait partie [PREPDEF;Y] [Y] .,[DEF;X] [X.Nom] είναι μέρος [DEF;Y] [Y.Gen] .,[X] is onderdeel van [Y] .,[X.Nom] — часть [Y.Gen] .,[X]는 [Y]의 일부분이다.,[X] es parte de [Y] .,[X] [Y] चा भाग आहे .,[X] là một phần của [Y] .,[X] [הוא;X-Gender=MASC|היא;X-Gender=FEM] חלק מ[Y] .,[X] [Y.Gen] parçasıdır .,[X] jẹ́ ẹ̀yà ara [Y] .,[X]は[Y]の一部である。,[X] része [Y.DAT] .,[X] [Y.GEN] একটি অংশ ।,Parte sa [Y] ang [X] .,Parte ng [Y] ang [X] .,[X] nisehemu ya [Y].,[X] dia ao anatin´ny [Y] .,[X] [Y] ਦਾ ਹਿੱਸਾ ਹੈ.,Parte ti [Y] ti [X] .,Parte sa [Y] ang [X] .